Open_time,Open_price,High_price,Low_price,Close_price,Volume,Close_time,Quote_volume,Nb_trades,Taker_buy_base_volume,Taker_buy_quote_volume
1693180800000,26101.78000000,26105.00000000,25872.05000000,25963.02000000,5714.74716000,1693202399999,148609676.93723360,125103,2459.39264000,63950367.35750360
1693202400000,25963.01000000,26004.00000000,25864.50000000,26000.99000000,4435.50168000,1693223999999,115057288.16981280,111246,2314.65067000,60048357.35380750
1693224000000,26000.99000000,26253.99000000,25991.44000000,26141.79000000,7687.00032000,1693245599999,200908419.98345160,163132,3921.50238000,102493857.71804300
1693245600000,26141.79000000,26178.83000000,25918.00000000,26120.00000000,4855.37739000,1693267199999,126433554.08607200,123576,2216.85980000,57733591.36408540
1693267200000,26120.00000000,26206.24000000,26032.07000000,26065.15000000,5339.28346000,1693288799999,139324093.54878270,99640,2694.03844000,70311364.38758620
1693288800000,26065.15000000,26065.16000000,25922.00000000,25975.55000000,5310.25989000,1693310399999,138028592.38703160,118615,2383.12393000,61942214.05278750
1693310400000,25975.54000000,28142.85000000,25964.79000000,27892.07000000,51471.30790000,1693331999999,1408976377.13332710,704151,26846.39757000,734669951.73805600
1693332000000,27892.08000000,28020.73000000,27532.79000000,27716.34000000,12131.14363000,1693353599999,336996987.68933770,214677,6021.99077000,167320502.20303660
1693353600000,27716.34000000,27768.57000000,27280.99000000,27469.04000000,9013.17772000,1693375199999,247844806.05454890,152199,4137.46000000,113749655.95710900
1693375200000,27469.05000000,27499.00000000,27310.05000000,27338.51000000,6125.57353000,1693396799999,167932117.17848660,133161,2989.71585000,81959509.24962800
1693396800000,27338.52000000,27464.45000000,27017.24000000,27167.98000000,15387.77382000,1693418399999,419214083.14498610,282337,7444.75560000,202814915.34623830
1693418400000,27167.97000000,27337.78000000,27100.00000000,27299.99000000,4921.73341000,1693439999999,134095444.78450410,122595,2143.64567000,58402329.17675670
1693440000000,27299.99000000,27303.36000000,27178.88000000,27251.29000000,3136.53649000,1693461599999,85392198.81478190,96512,1439.37390000,39187990.27340240
1693461600000,27251.29000000,27587.51000000,27184.99000000,27303.96000000,7316.68757000,1693483199999,199816284.76382530,163717,3463.22352000,94593527.56246340
1693483200000,27303.95000000,27315.47000000,26133.94000000,26329.07000000,25029.67357000,1693504799999,669987578.07446290,401225,12251.96332000,327961424.38542840
1693504800000,26329.08000000,26387.32000000,25655.01000000,25940.78000000,15549.90638000,1693526399999,405177124.35860080,283236,7443.55323000,193964291.66360660
1693526400000,25940.77000000,26100.00000000,25931.11000000,26027.27000000,4788.52171000,1693547999999,124638304.90546560,109473,2497.48788000,64995270.25663900
1693548000000,26027.26000000,26072.34000000,25957.37000000,26047.49000000,5038.60771000,1693569599999,131058202.54227740,129818,2351.36854000,61159180.22819680
1693569600000,26047.50000000,26156.00000000,25333.75000000,25478.86000000,21950.72134000,1693591199999,565840477.17621020,415800,10472.91818000,270009829.29405430
1693591200000,25478.85000000,25937.42000000,25455.41000000,25805.05000000,9254.29980000,1693612799999,237907607.08579620,226088,4639.21570000,119265666.40428230
1693612800000,25805.04000000,25853.03000000,25752.47000000,25821.38000000,3438.78388000,1693634399999,88698080.63041320,121008,1744.65342000,45001335.90197170
1693634400000,25821.37000000,25860.00000000,25774.81000000,25813.54000000,3677.11214000,1693655999999,94915779.14462450,136247,1663.08729000,42927447.84084110
1693656000000,25813.55000000,25987.50000000,25785.64000000,25813.58000000,6019.37468000,1693677599999,155730491.99789140,191466,2793.49916000,72274373.28132990
1693677600000,25813.58000000,25907.09000000,25763.20000000,25869.51000000,3115.50628000,1693699199999,80468618.17393070,119007,1433.67429000,37031279.99790570
1693699200000,25869.52000000,25907.53000000,25826.29000000,25900.06000000,2282.76557000,1693720799999,59053693.24298730,80069,1218.83639000,31529942.53416540
1693720800000,25900.06000000,25956.30000000,25877.30000000,25943.38000000,3851.53921000,1693742399999,99826788.69388030,105802,2180.63935000,56521461.30430930
1693742400000,25943.39000000,26085.01000000,25800.00000000,25888.00000000,6196.50171000,1693763999999,160523999.19690890,168705,2606.17869000,67532651.12697890
1693764000000,25887.99000000,26135.00000000,25882.27000000,25971.21000000,5143.67018000,1693785599999,133696208.96833120,141836,2577.51055000,66997481.06139310
1693785600000,25971.21000000,26108.02000000,25877.66000000,25934.44000000,3892.23919000,1693807199999,101087614.19437620,122033,1867.28325000,48501670.15749360
1693807200000,25934.44000000,26011.24000000,25865.57000000,25892.49000000,4567.91000000,1693828799999,118513381.12249740,123320,2112.82334000,54821631.25597700
1693828800000,25892.49000000,25966.80000000,25717.04000000,25907.48000000,7366.03890000,1693850399999,190387170.42408620,198361,3363.56648000,86934434.21503200
1693850400000,25907.47000000,25948.15000000,25631.21000000,25826.02000000,5951.40800000,1693871999999,153544724.82903950,153116,2833.69553000,73108147.80105300
1693872000000,25826.03000000,25844.48000000,25562.62000000,25733.31000000,4639.38847000,1693893599999,119280296.47892100,126215,2101.24270000,54015620.66691900
1693893600000,25733.31000000,25812.09000000,25654.00000000,25783.68000000,4769.14969000,1693915199999,122738316.71189430,129808,2379.70933000,61251237.25266070
1693915200000,25783.69000000,25915.49000000,25625.03000000,25749.08000000,8738.74851000,1693936799999,225132711.87669620,204828,4110.98583000,105917765.92801380
1693936800000,25749.09000000,25802.73000000,25675.00000000,25792.10000000,3176.10670000,1693958399999,81742382.53268900,105885,1334.72052000,34352414.61850220
1693958400000,25792.11000000,25870.51000000,25740.13000000,25746.55000000,2907.43778000,1693979999999,75001327.06545790,97325,1289.95653000,33279450.27711750
1693980000000,25746.55000000,25791.32000000,25715.16000000,25733.29000000,3775.30185000,1694001599999,97231035.42818150,114205,1424.85766000,36692657.67279770
1694001600000,25733.28000000,26040.00000000,25372.51000000,25860.01000000,13279.98759000,1694023199999,340698952.30453220,260841,6476.34690000,166210449.24279500
1694023200000,25860.00000000,25959.52000000,25588.00000000,25759.95000000,7299.79664000,1694044799999,187831866.00299610,163931,3545.54455000,91233887.59138570
1694044800000,25759.95000000,25850.00000000,25724.78000000,25788.92000000,2726.06226000,1694066399999,70277136.87226330,96580,1255.12295000,32355645.24076650
1694066400000,25788.91000000,25795.62000000,25691.07000000,25708.60000000,3156.04973000,1694087999999,81258777.76038320,104966,1268.40071000,32655225.59084110
1694088000000,25708.60000000,25976.66000000,25615.38000000,25931.18000000,8337.02580000,1694109599999,214924349.04390270,195991,4311.22488000,111155527.09505140
1694109600000,25931.19000000,26443.14000000,25836.76000000,26255.00000000,13468.35788000,1694131199999,352462745.23056910,234392,6671.44302000,174574926.36537830
1694131200000,26255.00000000,26445.50000000,26198.91000000,26239.43000000,7250.67253000,1694152799999,190634243.04819150,148381,3700.21737000,97286301.13077630
1694152800000,26239.44000000,26289.13000000,25647.26000000,25839.51000000,10085.99683000,1694174399999,261975110.29719970,211234,4491.77728000,116593868.49542710
1694174400000,25839.52000000,25955.00000000,25719.80000000,25829.01000000,7602.90979000,1694195999999,196548253.30154510,168063,4014.46740000,103785715.58515090
1694196000000,25829.01000000,25934.36000000,25766.21000000,25910.50000000,4060.18556000,1694217599999,105026930.46275600,119174,2032.43740000,52570959.22005330
1694217600000,25910.50000000,25910.50000000,25836.49000000,25844.92000000,2804.90781000,1694239199999,72575288.35079070,87437,1168.07267000,30221507.29498120
1694239200000,25844.92000000,25907.75000000,25844.92000000,25863.03000000,2416.76072000,1694260799999,62536548.82671670,86243,1086.03054000,28100921.26186170
1694260800000,25863.03000000,25945.09000000,25796.64000000,25879.00000000,3837.33295000,1694282399999,99273010.81043610,113952,1969.34071000,50950848.99920550
1694282400000,25879.01000000,25919.50000000,25845.70000000,25901.61000000,1921.62129000,1694303999999,49724625.81963480,71406,988.99957000,25590111.20683750
1694304000000,25901.60000000,25902.68000000,25750.35000000,25847.81000000,3447.81962000,1694325599999,89063614.25064260,113261,1454.07729000,37559720.02276370
1694325600000,25847.82000000,25873.96000000,25795.33000000,25795.33000000,2713.92437000,1694347199999,70132622.75656090,92133,1249.19356000,32282231.18198910
1694347200000,25795.33000000,25834.82000000,25650.00000000,25695.60000000,5237.31126000,1694368799999,134891437.36909370,136952,2280.43746000,58730185.04239160
1694368800000,25695.59000000,26033.66000000,25570.57000000,25841.61000000,7339.21389000,1694390399999,189489784.82923730,147427,3763.80241000,97180764.79320570
1694390400000,25841.60000000,25894.48000000,25652.78000000,25892.97000000,4285.91664000,1694411999999,110397374.43525010,115547,2115.65556000,54495023.20887250
1694412000000,25892.96000000,25900.69000000,25577.30000000,25601.27000000,7530.14468000,1694433599999,193735803.40814330,172274,3379.16280000,86935488.23551870
1694433600000,25601.27000000,25755.09000000,24951.00000000,25223.92000000,22187.37928000,1694455199999,560480465.73705120,401564,10619.90329000,268270481.71250470
1694455200000,25223.92000000,25227.96000000,24901.00000000,25162.52000000,7678.87940000,1694476799999,192758241.08926200,174753,3550.18078000,89120652.22832630
1694476800000,25162.53000000,25990.00000000,25131.48000000,25773.08000000,15730.14096000,1694498399999,403390395.07008410,280017,8057.66700000,206523715.43474320
1694498400000,25773.07000000,26331.38000000,25723.27000000,26098.99000000,16512.48377000,1694519999999,428847463.50899060,267457,8090.73605000,210162483.71250830
1694520000000,26098.98000000,26567.00000000,25892.42000000,25903.04000000,17253.80369000,1694541599999,451688795.60241990,331659,8283.31422000,216882654.73843410
1694541600000,25903.04000000,26265.98000000,25790.00000000,25840.10000000,6937.95695000,1694563199999,180466382.78016770,167923,3288.80103000,85578466.09302080
1694563200000,25840.10000000,25985.91000000,25764.17000000,25900.01000000,5580.82726000,1694584799999,144566459.16699660,123288,2789.38606000,72257641.66934170
1694584800000,25900.00000000,26247.79000000,25855.17000000,26198.41000000,8206.34034000,1694606399999,213786155.85341820,198797,4343.18352000,113135964.04910030
1694606400000,26198.41000000,26405.22000000,26016.22000000,26094.13000000,14240.64099000,1694627999999,373248748.99564800,282078,6592.13827000,172796720.07382160
1694628000000,26094.13000000,26305.46000000,26055.00000000,26222.00000000,3583.01894000,1694649599999,93836517.45269630,110717,1562.29253000,40909455.82850120
1694649600000,26222.00000000,26541.77000000,26126.77000000,26194.76000000,8804.84859000,1694671199999,231456352.83229190,187111,4483.93900000,117883998.88360010
1694671200000,26194.77000000,26489.50000000,26183.95000000,26446.15000000,6314.39050000,1694692799999,166249667.16912230,141045,3325.39641000,87544378.58361000
1694692800000,26446.15000000,26798.50000000,26342.08000000,26645.63000000,17348.43842000,1694714399999,461384222.96692180,316293,8798.68444000,234002561.00556710
1694714400000,26645.63000000,26860.49000000,26473.00000000,26522.73000000,5865.49499000,1694735999999,156177076.80468660,154829,2832.43482000,75432855.90561220
1694736000000,26522.73000000,26655.84000000,26448.19000000,26588.99000000,4216.46081000,1694757599999,112015337.41630100,122400,2099.73756000,55784618.37025700
1694757600000,26588.98000000,26690.00000000,26375.01000000,26425.16000000,6430.54269000,1694779199999,170847494.59624070,150804,2897.45027000,76991590.62631580
1694779200000,26425.17000000,26526.99000000,26224.00000000,26338.50000000,8301.35361000,1694800799999,218816192.08903420,197009,3881.13875000,102304435.50639930
1694800800000,26338.51000000,26888.00000000,26331.97000000,26600.00000000,7278.93658000,1694822399999,193524233.89886860,183881,3722.06457000,98965286.26374910
1694822400000,26599.99000000,26777.00000000,26515.00000000,26537.76000000,5024.58014000,1694843999999,133814263.32797840,156915,2362.47752000,62923476.26395140
1694844000000,26537.76000000,26581.98000000,26445.00000000,26524.09000000,3632.56107000,1694865599999,96295933.05543510,137990,1685.50990000,44682360.34994120
1694865600000,26524.08000000,26622.22000000,26481.87000000,26566.98000000,3296.17648000,1694887199999,87467000.42183020,136963,1552.32345000,41192680.89706000
1694887200000,26566.98000000,26622.15000000,26505.40000000,26559.67000000,2007.61582000,1694908799999,53312669.65402980,94548,908.60265000,24128263.87788970
1694908800000,26559.67000000,26570.00000000,26416.16000000,26543.79000000,3451.71018000,1694930399999,91477333.98235230,122839,1644.02659000,43570116.61230440
1694930400000,26543.79000000,26623.25000000,26490.88000000,26566.67000000,3137.77082000,1694951999999,83331655.55130170,110043,1655.55488000,43967832.00823220
1694952000000,26566.68000000,26600.00000000,26480.00000000,26480.00000000,3348.93755000,1694973599999,88885855.83281900,131153,1614.42902000,42853547.39690330
1694973600000,26480.01000000,26534.09000000,26399.00000000,26527.51000000,3059.68422000,1694995199999,81008882.19363410,112740,1445.88410000,38284083.99902310
1694995200000,26527.50000000,26750.00000000,26377.35000000,26647.45000000,6442.08445000,1695016799999,171250105.76290800,171987,3164.69751000,84135842.58948540
1695016800000,26647.45000000,27240.00000000,26622.77000000,27196.98000000,12659.48973000,1695038399999,341101054.80983600,267902,6702.79322000,180628182.04775770
1695038400000,27196.98000000,27409.00000000,26669.94000000,26760.49000000,17286.05030000,1695059999999,469360440.61445180,327688,8431.19424000,229032923.77348930
1695060000000,26760.48000000,26943.83000000,26631.00000000,26762.51000000,6612.80808000,1695081599999,177068746.43810910,171128,3253.03108000,87115540.34869850
1695081600000,26762.50000000,26860.00000000,26667.79000000,26796.26000000,4124.10495000,1695103199999,110382272.49827070,131540,2043.52879000,54688975.45897560
1695103200000,26796.26000000,27466.00000000,26750.88000000,27237.56000000,11056.42122000,1695124799999,299824931.37208360,243673,5949.66950000,161263425.84819140
1695124800000,27237.57000000,27483.57000000,26881.37000000,27133.88000000,15761.43054000,1695146399999,428906057.83877080,360925,7560.33525000,205747324.20612370
1695146400000,27133.88000000,27222.81000000,26990.01000000,27210.26000000,5248.56516000,1695167999999,142425993.85049490,161938,2297.62204000,62361582.61164230
1695168000000,27210.25000000,27388.63000000,27007.00000000,27025.00000000,6476.71693000,1695189599999,176003447.27543260,174943,3188.54688000,86668298.99584230
1695189600000,27024.99000000,27197.66000000,26936.79000000,27098.08000000,8289.03034000,1695211199999,224319116.00363020,202074,4323.60902000,117018406.20289420
1695211200000,27098.07000000,27277.36000000,26997.94000000,27195.12000000,8599.90805000,1695232799999,233475789.06523570,222094,4226.22515000,114740152.08781930
1695232800000,27195.13000000,27300.00000000,26800.00000000,27125.00000000,10841.56335000,1695254399999,293407723.61832880,268177,5245.04981000,141975488.88422760
1695254400000,27125.01000000,27159.60000000,26936.66000000,27071.02000000,5009.73002000,1695275999999,135434765.36903330,156447,2400.53843000,64896441.11468830
1695276000000,27071.03000000,27073.09000000,26618.90000000,26730.78000000,9849.49056000,1695297599999,264206682.68245430,251800,4821.63635000,129332007.42240590
1695297600000,26730.77000000,26776.98000000,26377.70000000,26651.55000000,15548.75337000,1695319199999,412945304.89534380,291410,7826.67581000,207857713.74326420
1695319200000,26651.56000000,26687.35000000,26497.94000000,26568.08000000,4068.85267000,1695340799999,108181390.40448130,123759,1829.93143000,48652201.57034010
1695340800000,26568.08000000,26670.15000000,26468.77000000,26666.23000000,4598.03674000,1695362399999,122342965.92390810,147354,2165.66095000,57624029.29878310
1695362400000,26666.23000000,26743.38000000,26573.93000000,26640.26000000,4951.83591000,1695383999999,131964171.34088980,146974,2350.03059000,62626271.36839110
1695384000000,26640.26000000,26698.29000000,26531.01000000,26576.22000000,5412.18524000,1695405599999,144061376.61857830,155843,2531.91456000,67396833.11122060
1695405600000,26576.22000000,26635.73000000,26488.00000000,26580.14000000,3236.17131000,1695427199999,85963105.06515570,116978,1436.49069000,38158558.94517450
1695427200000,26580.14000000,26614.98000000,26509.00000000,26542.46000000,2319.32128000,1695448799999,61608004.18625770,105628,1019.42159000,27078484.21941030
1695448800000,26542.46000000,26594.78000000,26541.67000000,26575.21000000,2454.88942000,1695470399999,65227479.59908810,99826,1126.66725000,29934349.46966630
1695470400000,26575.21000000,26610.00000000,26546.20000000,26598.31000000,2900.54490000,1695491999999,77075684.21723800,124344,1480.32342000,39336197.17985260
1695492000000,26598.31000000,26632.81000000,26558.07000000,26575.96000000,1765.94700000,1695513599999,46962789.38609000,91919,760.78504000,20232183.26120380
1695513600000,26575.97000000,26590.01000000,26550.00000000,26557.99000000,1715.07268000,1695535199999,45571856.17290970,80192,637.87871000,16948992.33551350
1695535200000,26557.99000000,26611.80000000,26549.31000000,26596.71000000,2156.88103000,1695556799999,57325371.66086690,89196,1217.11549000,32348519.10165230
1695556800000,26596.71000000,26719.63000000,26563.17000000,26673.07000000,2974.62164000,1695578399999,79132728.03296340,115836,1556.78631000,41416126.96975220
1695578400000,26673.07000000,26738.54000000,26122.08000000,26248.38000000,8860.08236000,1695599999999,234338345.50694480,259821,4135.28291000,109364813.60983970
1695600000000,26248.39000000,26343.10000000,26000.00000000,26113.81000000,7538.98065000,1695621599999,197327031.92241970,238893,3754.82807000,98305039.87625040
1695621600000,26113.81000000,26233.43000000,26020.01000000,26075.41000000,5367.51457000,1695643199999,140162847.00349400,191287,2553.90724000,66693649.94157780
1695643200000,26075.40000000,26425.63000000,25990.46000000,26358.41000000,9339.63727000,1695664799999,244918173.21775660,288089,4477.38955000,117425971.82930940
1695664800000,26358.41000000,26446.15000000,26263.83000000,26304.81000000,4020.07141000,1695686399999,105844544.23732410,155219,1868.45721000,49197791.50466790
1695686400000,26304.80000000,26397.46000000,26234.37000000,26320.90000000,3414.96665000,1695707999999,89881282.99773030,132779,1771.45474000,46624780.01668920
1695708000000,26320.91000000,26339.06000000,26188.26000000,26273.83000000,4267.26512000,1695729599999,112059565.22263340,163287,1921.55390000,50464727.88253920
1695729600000,26273.82000000,26306.39000000,26088.34000000,26175.01000000,7056.48301000,1695751199999,184864205.94568140,237226,3439.86124000,90122028.77848010
1695751200000,26175.00000000,26288.68000000,26100.00000000,26221.67000000,3756.63588000,1695772799999,98412850.87605970,164435,1680.89156000,44035333.86975030
1695772800000,26221.68000000,26289.50000000,26202.96000000,26255.89000000,2771.52575000,1695794399999,72744601.18912830,123064,1212.74213000,31829585.53846360
1695794400000,26255.89000000,26848.07000000,26223.72000000,26766.70000000,11312.30584000,1695815999999,299723338.61704890,278826,5844.00319000,154805453.19587290
1695816000000,26766.69000000,26850.00000000,26158.63000000,26231.39000000,15815.32682000,1695837599999,418359190.03438440,361897,7355.95592000,194526031.92272690
1695837600000,26231.39000000,26385.00000000,26112.06000000,26372.99000000,4872.42137000,1695859199999,127970685.20791940,175903,2401.05382000,63060315.76907760
1695859200000,26373.00000000,26557.75000000,26342.40000000,26449.95000000,6004.11331000,1695880799999,158683157.96545170,208747,2975.17866000,78633417.43417000
1695880800000,26449.96000000,26623.84000000,26389.29000000,26476.93000000,6955.10880000,1695902399999,184189649.05352550,221803,3627.39193000,96066369.63904440
1695902400000,26476.93000000,27308.48000000,26460.00000000,27160.13000000,22248.38689000,1695923999999,598672028.39779240,469806,11313.05328000,304587213.95933600
1695924000000,27160.14000000,27231.94000000,26848.71000000,27021.39000000,9310.22591000,1695945599999,251875204.71414890,258618,4547.56855000,123053702.56895580
1695945600000,27021.39000000,27134.16000000,26859.70000000,26977.11000000,6077.86499000,1695967199999,164054089.88868130,178012,3228.88709000,87157813.88614760
1695967200000,26977.12000000,27244.89000000,26950.00000000,26970.78000000,7444.15223000,1695988799999,201546185.66135310,217919,3998.39074000,108268671.17537150
1695988800000,26970.78000000,27149.05000000,26665.16000000,26840.95000000,11120.21805000,1696010399999,299069132.48740720,326589,5436.36226000,146226177.27818110
1696010400000,26840.95000000,26984.99000000,26750.00000000,26906.96000000,3836.52692000,1696031999999,103157906.89446730,156090,1745.71545000,46938580.91945230
1696032000000,26906.96000000,26955.91000000,26886.31000000,26934.90000000,1934.55922000,1696053599999,52078773.05435380,103289,976.31098000,26282534.55266640
1696053600000,26934.91000000,26997.00000000,26919.36000000,26936.02000000,3037.86724000,1696075199999,81856273.51012750,122783,1405.50440000,37871842.65888630
1696075200000,26936.02000000,27094.99000000,26903.01000000,27017.55000000,4899.27350000,1696096799999,132238048.35781230,176238,2496.89024000,67397052.66309910
1696096800000,27017.54000000,27081.78000000,26946.73000000,26962.56000000,2932.92311000,1696118399999,79232961.75840170,132598,1342.53710000,36267153.18530570
1696118400000,26962.57000000,27072.75000000,26954.09000000,27071.72000000,2259.94500000,1696139999999,61080968.17160750,115376,1146.37422000,30981115.18841910
1696140000000,27071.73000000,27289.08000000,27071.72000000,27187.71000000,5713.92054000,1696161599999,155257388.99275990,213188,2959.48856000,80413675.91421710
1696161600000,27187.71000000,27229.29000000,27035.78000000,27072.35000000,4345.36732000,1696183199999,117934312.37114580,205904,2034.43549000,55218038.13220000
1696183200000,27072.34000000,28065.51000000,27033.10000000,27992.57000000,12283.58182000,1696204799999,340384452.45890720,349125,6675.68867000,185010132.23529120
1696204800000,27992.58000000,28210.00000000,27826.65000000,27977.38000000,11804.84037000,1696226399999,330498172.45844940,317433,5844.80116000,163650066.94287220
1696226400000,27977.39000000,28484.28000000,27963.35000000,28198.04000000,14507.48208000,1696247999999,410220265.18694560,363638,7579.86359000,214322989.66455730
1696248000000,28198.05000000,28580.00000000,27853.49000000,28055.25000000,16479.69711000,1696269599999,465133104.18537170,441995,8192.47526000,231303018.03583220
1696269600000,28055.26000000,28104.10000000,27281.44000000,27494.51000000,14279.12285000,1696291199999,395092941.65943970,341092,6806.46999000,188322777.83651650
1696291200000,27494.51000000,27648.05000000,27381.48000000,27572.37000000,6853.41683000,1696312799999,188618203.70664560,233406,2999.49453000,82603306.54049730
1696312800000,27572.37000000,27676.52000000,27475.00000000,27559.99000000,5534.65029000,1696334399999,152647692.85621360,260037,2534.75799000,69912465.99359680
1696334400000,27560.00000000,27579.70000000,27234.55000000,27435.40000000,10033.64769000,1696355999999,275062991.18143840,452787,4874.63925000,133634877.69239480
1696356000000,27435.40000000,27469.65000000,27160.50000000,27426.46000000,6507.25074000,1696377599999,177972927.68220440,256147,3153.14350000,86251450.57026220
1696377600000,27426.45000000,27510.29000000,27202.00000000,27407.18000000,7804.44638000,1696399199999,213492688.94086480,299409,4281.43723000,117103976.70968600
1696399200000,27407.18000000,27643.09000000,27350.75000000,27572.43000000,5878.77074000,1696420799999,161804650.28124950,244636,2868.64278000,78950227.86859080
1696420800000,27572.43000000,27633.42000000,27329.85000000,27539.51000000,8139.34002000,1696442399999,223728652.94115920,363896,3927.93676000,107970134.58458250
1696442400000,27539.50000000,27839.72000000,27522.00000000,27778.57000000,7993.58486000,1696463999999,221395393.09251180,280440,3999.68508000,110782237.18554210
1696464000000,27778.57000000,27896.07000000,27638.36000000,27641.31000000,4122.35707000,1696485599999,114289461.69035070,215881,2170.76314000,60187315.48322240
1696485600000,27641.31000000,27774.55000000,27550.77000000,27725.68000000,4572.70701000,1696507199999,126489215.34934610,200295,2291.39100000,63381835.96078050
1696507200000,27725.68000000,28120.39000000,27352.00000000,27483.43000000,17670.31007000,1696528799999,490122087.09876710,615321,8645.17414000,239880959.56229310
1696528800000,27483.43000000,27535.52000000,27388.00000000,27410.39000000,4316.12204000,1696550399999,118514829.90878650,178900,1878.66577000,51589595.58035160
1696550400000,27410.39000000,27590.00000000,27389.99000000,27499.99000000,4397.12114000,1696571999999,120943868.09548090,158947,2192.28248000,60304229.45903030
1696572000000,27499.99000000,27801.00000000,27464.48000000,27760.00000000,7025.01060000,1696593599999,194240177.88098780,254995,3601.58006000,99565817.20651400
1696593600000,27760.00000000,28044.86000000,27175.94000000,27958.52000000,18830.50182000,1696615199999,521161704.17491210,626897,9314.11518000,257811170.38371220
1696615200000,27958.53000000,28295.00000000,27866.66000000,27931.09000000,7730.60921000,1696636799999,216518643.66623270,285861,3983.26234000,111559971.50811250
1696636800000,27931.10000000,27955.90000000,27842.08000000,27900.44000000,3533.60875000,1696658399999,98612854.38830370,166007,1733.53772000,48378720.74028390
1696658400000,27900.45000000,28029.67000000,27875.00000000,27942.12000000,3899.93502000,1696679999999,109000125.31585200,169384,1941.29044000,54262729.23804580
1696680000000,27942.12000000,27986.27000000,27895.28000000,27933.15000000,2920.74345000,1696701599999,81615478.21570660,168296,1374.91417000,38419235.28032000
1696701600000,27933.16000000,27959.75000000,27850.00000000,27956.67000000,2994.55103000,1696723199999,83591821.60328070,137936,1342.60856000,37474262.52013420
1696723200000,27956.67000000,28095.14000000,27878.06000000,27933.91000000,7008.76122000,1696744799999,196202940.53177360,212032,3116.53080000,87283636.58044900
1696744800000,27933.92000000,27953.21000000,27775.00000000,27811.63000000,3929.70471000,1696766399999,109518842.98360900,171406,1771.26904000,49363240.12944240
1696766400000,27811.63000000,27999.72000000,27687.50000000,27878.80000000,5132.79433000,1696787999999,143099096.32258220,250573,2533.57863000,70634425.41420260
1696788000000,27878.79000000,27980.00000000,27800.00000000,27917.05000000,3622.30895000,1696809599999,101019071.64211630,188719,1794.70424000,50051947.40898320
1696809600000,27917.06000000,27987.93000000,27796.53000000,27864.20000000,3546.50834000,1696831199999,98973223.21254580,169913,1560.41911000,43547515.09587650
1696831200000,27864.21000000,27913.90000000,27412.21000000,27468.92000000,11168.70566000,1696852799999,308579402.33002820,368725,5283.30280000,145937240.29442450
1696852800000,27468.91000000,27589.76000000,27260.00000000,27589.76000000,12105.39345000,1696874399999,332276038.49663480,435341,5941.16502000,163088813.46775390
1696874400000,27589.76000000,27750.03000000,27529.99000000,27590.12000000,4714.13894000,1696895999999,130185970.32295210,182546,2292.54310000,63313672.24639510
1696896000000,27590.12000000,27697.56000000,27492.60000000,27607.23000000,3554.44952000,1696917599999,98124312.87448890,160896,1690.78159000,46674420.90200360
1696917600000,27607.24000000,27735.00000000,27500.00000000,27508.87000000,4540.16529000,1696939199999,125471823.35779820,195971,2091.62371000,57810218.27308880
1696939200000,27508.86000000,27630.00000000,27329.62000000,27369.20000000,10426.38408000,1696960799999,286113330.30529510,449856,5004.39391000,137333253.17646030
1696960800000,27369.19000000,27470.01000000,27298.00000000,27390.12000000,4255.84494000,1696982399999,116549257.73999610,195549,2064.42396000,56536492.34659720
1696982400000,27390.12000000,27477.39000000,26964.89000000,27113.68000000,9016.52638000,1697003999999,244896506.67000660,295668,4095.57891000,111218192.91857700
1697004000000,27113.69000000,27332.00000000,27017.00000000,27196.26000000,7005.16704000,1697025599999,190250750.24003830,271813,3198.51344000,86862870.62050440
1697025600000,27196.26000000,27262.45000000,26538.66000000,26632.26000000,15152.64000000,1697047199999,406884828.72627410,520396,6777.44930000,181972937.09655350
1697047200000,26632.27000000,26885.41000000,26585.51000000,26875.52000000,6175.11364000,1697068799999,165033500.29832160,248602,3388.53575000,90566209.15010970
1697068800000,26875.52000000,26947.04000000,26735.83000000,26876.85000000,5100.69836000,1697090399999,136836687.97477510,193823,2832.90733000,75995457.93071350
1697090400000,26876.85000000,26920.81000000,26655.60000000,26837.84000000,6745.63832000,1697111999999,180704411.91931340,279661,2856.71828000,76531273.07995350
1697112000000,26837.84000000,26862.74000000,26555.00000000,26641.90000000,7999.24247000,1697133599999,213650168.00077020,406197,3683.82762000,98376960.03412710
1697133600000,26641.89000000,26775.00000000,26596.45000000,26759.63000000,3583.06197000,1697155199999,95717800.49201300,186401,1755.40620000,46891292.49643760
1697155200000,26759.63000000,26876.06000000,26750.00000000,26821.92000000,3336.81252000,1697176799999,89453943.82300920,158105,1594.16982000,42737192.06095170
1697176800000,26821.92000000,26943.00000000,26737.40000000,26820.92000000,5335.33423000,1697198399999,143132425.56425960,208169,2294.64284000,61563956.83255300
1697198400000,26820.91000000,26966.85000000,26685.00000000,26768.26000000,7133.36855000,1697219999999,191236883.32275390,341224,3250.02748000,87129984.52621980
1697220000000,26768.26000000,27130.00000000,26723.00000000,26862.00000000,8310.24969000,1697241599999,223730543.64804350,327824,4070.81375000,109618152.32256850
1697241600000,26862.00000000,26989.58000000,26845.00000000,26885.07000000,2912.57353000,1697263199999,78369361.09676440,138722,1380.95702000,37157940.10158370
1697263200000,26885.06000000,26900.00000000,26841.76000000,26872.35000000,3170.53043000,1697284799999,85189915.04962190,124930,998.47830000,26827362.06880460
1697284800000,26872.35000000,26953.18000000,26850.44000000,26889.51000000,2404.83557000,1697306399999,64691759.05301490,139818,1106.47341000,29765386.87503220
1697306400000,26889.51000000,26890.33000000,26789.00000000,26852.48000000,1929.31623000,1697327999999,51807983.85400010,114367,892.94346000,23979635.77325240
1697328000000,26852.48000000,26916.77000000,26815.76000000,26882.44000000,1692.08966000,1697349599999,45482112.17821330,102690,836.27460000,22479731.12661300
1697349600000,26882.45000000,26919.00000000,26843.79000000,26852.47000000,1675.47493000,1697371199999,45047814.06651620,99027,687.55430000,18485780.18316040
1697371200000,26852.48000000,27017.44000000,26808.25000000,26982.49000000,4101.02124000,1697392799999,110333455.85561600,194356,2142.31482000,57636773.96288280
1697392800000,26982.49000000,27293.33000000,26956.17000000,27154.15000000,7806.10587000,1697414399999,211810583.24358930,286869,4136.54871000,112231408.86177650
1697414400000,27154.14000000,27980.00000000,27112.66000000,27916.44000000,13661.49397000,1697435999999,376121470.08147980,354582,7629.70127000,209951488.14732430
1697436000000,27916.43000000,27971.34000000,27641.72000000,27749.60000000,11308.19005000,1697457599999,314591990.25562520,349986,5674.60510000,157881322.73381580
1697457600000,27749.61000000,30000.00000000,27709.04000000,28234.99000000,40323.25558000,1697479199999,1146793513.07239700,1214684,20717.89230000,589574335.01055560
1697479200000,28235.00000000,28808.51000000,28230.37000000,28500.78000000,13106.28485000,1697500799999,373278574.82659420,370087,6715.84306000,191293442.78763880
1697500800000,28500.77000000,28549.34000000,28069.32000000,28220.44000000,8863.09524000,1697522399999,250813742.68678320,260733,3842.28497000,108702425.59741190
1697522400000,28220.44000000,28609.38000000,28120.50000000,28422.63000000,10694.15457000,1697543999999,303684563.14322880,355984,5890.67101000,167296008.70214230
1697544000000,28422.63000000,28613.65000000,28135.35000000,28427.27000000,12945.67435000,1697565599999,367656613.58891920,510926,6246.33819000,177439029.69590090
1697565600000,28427.27000000,28556.56000000,28306.42000000,28395.91000000,5925.52116000,1697587199999,168586827.06415620,218167,3014.77382000,85781024.34613080
1697587200000,28395.91000000,28982.36000000,28320.29000000,28695.50000000,9272.61117000,1697608799999,265418286.22535420,328920,4702.75201000,134637607.42807650
1697608800000,28695.51000000,28742.23000000,28236.41000000,28340.64000000,7846.29182000,1697630399999,223549343.16362030,323365,3760.95390000,107164571.00348350
1697630400000,28340.65000000,28437.41000000,28142.87000000,28330.04000000,10465.18300000,1697651999999,296275910.78094890,374511,4952.45762000,140209671.61350590
1697652000000,28330.04000000,28374.27000000,28190.81000000,28320.00000000,4578.38992000,1697673599999,129529984.98283470,188439,2173.98089000,61503903.77201130
1697673600000,28320.00000000,28418.00000000,28100.66000000,28308.38000000,6669.13178000,1697695199999,188536234.71406470,224183,3367.31747000,95207093.21747050
1697695200000,28308.39000000,28514.21000000,28242.67000000,28450.69000000,6756.92214000,1697716799999,191789136.69882480,259385,3569.91848000,101346127.74029490
1697716800000,28450.70000000,28916.89000000,28420.00000000,28547.24000000,15791.82814000,1697738399999,452079772.84127270,582260,8193.20775000,234563890.61622030
1697738400000,28547.24000000,28882.07000000,28525.00000000,28713.71000000,6677.61973000,1697759999999,191578872.77811660,264428,3296.79373000,94578740.98926440
1697760000000,28713.71000000,29400.00000000,28578.29000000,29221.75000000,15336.46188000,1697781599999,446129657.66298980,511639,7649.07179000,222444311.29953140
1697781600000,29221.75000000,30207.55000000,29179.96000000,29839.99000000,22916.54622000,1697803199999,681329765.49871740,714801,11970.17144000,356015650.19909910
1697803200000,29839.99000000,29910.00000000,29321.00000000,29516.38000000,15351.20553000,1697824799999,453841171.71655860,490641,6951.85600000,205514839.39787280
1697824800000,29516.38000000,29790.59000000,29400.00000000,29669.04000000,5817.88557000,1697846399999,172110597.67282510,198667,2895.66004000,85660040.43161880
1697846400000,29669.05000000,29699.68000000,29464.77000000,29578.66000000,4039.22692000,1697867999999,119452655.59267860,178944,2131.40825000,63040990.08999410
1697868000000,29578.65000000,29878.83000000,29578.65000000,29804.99000000,6018.24851000,1697889599999,179029014.14326830,246842,2981.96676000,88706763.03072630
1697889600000,29804.99000000,30180.00000000,29678.69000000,30146.68000000,9273.08942000,1697911199999,277229887.42184500,361260,4674.88769000,139796227.49862200
1697911200000,30146.67000000,30379.99000000,29850.00000000,29909.80000000,8186.95412000,1697932799999,246252951.27757100,365091,4047.86174000,121779549.72283720
1697932800000,29909.80000000,30248.00000000,29843.20000000,30114.51000000,6326.60754000,1697954399999,189703782.13217640,240994,3229.31407000,96827076.68366030
1697954400000,30114.52000000,30215.09000000,29640.00000000,29909.67000000,7274.57994000,1697975999999,217553412.37309090,334563,3344.59507000,100011125.12110970
1697976000000,29909.66000000,29974.46000000,29781.00000000,29914.51000000,4517.78269000,1697997599999,135006368.86148750,210635,2208.82199000,66005784.79807450
1697997600000,29914.51000000,30051.79000000,29714.28000000,29992.46000000,4733.57546000,1698019199999,141591264.53017750,222107,2378.73731000,71167142.62865160
1698019200000,29992.46000000,30943.15000000,29883.60000000,30788.62000000,18648.59676000,1698040799999,568607502.77436000,660132,9764.75356000,297701235.00665220
1698040800000,30788.62000000,30985.12000000,30355.06000000,30657.04000000,12674.92231000,1698062399999,388080760.87451040,454761,5961.67250000,182562891.06808080
1698062400000,30657.04000000,31317.22000000,30395.01000000,30979.74000000,19180.69127000,1698083999999,592487797.00365120,585174,9755.17215000,301474873.39666270
1698084000000,30979.74000000,34741.91000000,30777.00000000,33069.99000000,43009.43212000,1698105599999,1392443962.21266610,1139871,22357.63266000,724076244.09630380
1698105600000,33069.99000000,35280.00000000,32832.34000000,33901.12000000,43525.07093000,1698127199999,1489825156.74612130,1162188,22035.04206000,754361266.87017270
1698127200000,33901.11000000,34876.40000000,33706.32000000,34542.91000000,25154.50466000,1698148799999,860811176.05205840,615062,13142.26933000,449835880.13617850
1698148800000,34542.90000000,34835.74000000,33200.00000000,33786.34000000,32591.82262000,1698170399999,1108901027.70955400,716224,15403.26695000,524066570.45406230
1698170400000,33786.35000000,34250.00000000,33380.01000000,33922.73000000,13993.62597000,1698191999999,473657507.65346270,356686,6828.74147000,231185752.00537970
1698192000000,33922.73000000,34399.82000000,33773.74000000,34011.61000000,10853.66553000,1698213599999,369722938.69850110,320204,4919.72908000,167657749.99924200
1698213600000,34011.60000000,34446.42000000,33679.05000000,34199.20000000,11894.63983000,1698235199999,405426869.94147000,395982,5190.02627000,176918791.42365610
1698235200000,34199.20000000,35132.85000000,34199.19000000,34660.15000000,22480.81635000,1698256799999,778844894.50302580,627563,11443.03031000,396548295.24583130
1698256800000,34660.16000000,34850.23000000,34250.00000000,34496.05000000,9657.90358000,1698278399999,334216122.46338590,300227,4597.71811000,159111558.70389700
1698278400000,34496.05000000,34824.13000000,34421.98000000,34521.06000000,7193.92191000,1698299999999,249423650.69149300,256534,3273.35572000,113496658.28772650
1698300000000,34521.06000000,34784.61000000,33960.39000000,34102.66000000,13074.93209000,1698321599999,450015537.82004190,421580,6202.44771000,213575279.83889580
1698321600000,34102.66000000,34370.00000000,33751.00000000,33943.13000000,13609.66428000,1698343199999,463657981.62481710,497608,6202.37200000,211315619.87270920
1698343200000,33943.12000000,34278.00000000,33905.24000000,34151.66000000,5866.14427000,1698364799999,199980736.97276790,207063,2850.25518000,97160300.49348670
1698364800000,34151.66000000,34185.15000000,33780.00000000,34084.20000000,5682.28258000,1698386399999,193350924.24389240,243121,2435.89277000,82891396.84476230
1698386400000,34084.21000000,34245.00000000,33921.84000000,34047.01000000,7207.20147000,1698407999999,245572162.71934430,232222,2897.23461000,98713949.09473310
1698408000000,34047.00000000,34195.21000000,33390.95000000,33600.15000000,12980.19500000,1698429599999,440281256.89546760,436823,5811.49866000,197142937.50991410
1698429600000,33600.14000000,33941.11000000,33401.00000000,33892.02000000,6460.72201000,1698451199999,217685079.56113770,200074,3165.69825000,106657414.47499190
1698451200000,33892.01000000,34185.00000000,33860.00000000,34086.22000000,3646.78709000,1698472799999,124083057.13761560,143953,1866.54059000,63505341.00015780
1698472800000,34086.22000000,34493.33000000,34031.26000000,34175.84000000,5872.38452000,1698494399999,200789944.67103530,181956,2864.09140000,97958311.77684080
1698494400000,34175.85000000,34239.70000000,33907.79000000,34134.09000000,5202.66349000,1698515999999,177409942.53509440,183027,2561.50407000,87345053.54598150
1698516000000,34134.08000000,34219.58000000,34060.78000000,34081.00000000,2158.29634000,1698537599999,73653579.00360770,98502,1021.17153000,34847913.26338180
1698537600000,34081.01000000,34099.62000000,33930.00000000,34032.35000000,2719.48801000,1698559199999,92508668.02015760,120188,1172.11646000,39871549.68615240
1698559200000,34032.36000000,34321.89000000,34017.39000000,34253.81000000,3570.62181000,1698580799999,122081378.68884350,148748,1775.80714000,60712514.82603130
1698580800000,34253.81000000,34744.38000000,34253.80000000,34562.41000000,8483.52956000,1698602399999,292455625.73714460,256981,4367.00743000,150559940.90342110
1698602400000,34562.41000000,34750.11000000,34400.61000000,34525.89000000,5911.88238000,1698623999999,204607312.73295070,191563,2739.02993000,94789676.38124190
1698624000000,34525.88000000,34570.51000000,34181.47000000,34250.99000000,5701.17255000,1698645599999,195786596.69925430,191698,2612.15133000,89694266.64087020
1698645600000,34250.98000000,34679.81000000,34114.74000000,34608.51000000,8540.13939000,1698667199999,293866201.75167870,291139,4068.36809000,140052805.46360550
1698667200000,34608.51000000,34856.00000000,34062.84000000,34307.78000000,14361.31291000,1698688799999,496144648.88604560,433645,6476.01473000,223804697.61246790
1698688800000,34307.79000000,34569.68000000,34264.57000000,34474.73000000,5055.33491000,1698710399999,173974460.30512680,201245,2081.03366000,71610420.82017580
1698710400000,34474.74000000,34600.00000000,34166.00000000,34282.21000000,7314.20971000,1698731999999,251319480.93818350,239859,3223.41189000,110739892.96572620
1698732000000,34282.21000000,34535.75000000,34025.00000000,34488.27000000,8484.36457000,1698753599999,291084318.55872760,315669,4269.87037000,146502751.39909040
1698753600000,34488.26000000,34514.00000000,34130.00000000,34381.03000000,9085.54343000,1698775199999,311723429.00707180,357615,4206.55309000,144321755.50443420
1698775200000,34381.04000000,34720.49000000,34335.29000000,34639.77000000,7853.78051000,1698796799999,271315215.98450530,265910,4143.95965000,143158503.62759730
1698796800000,34639.78000000,34668.05000000,34333.00000000,34348.39000000,5302.68708000,1698818399999,182857821.37746600,198976,2360.89587000,81412254.92510270
1698818400000,34348.40000000,34498.57000000,34316.00000000,34424.07000000,5012.70858000,1698839999999,172532909.47281410,191358,2104.22731000,72418946.32465400
1698840000000,34424.07000000,35200.00000000,34097.39000000,34510.28000000,23083.85221000,1698861599999,797496341.80589150,620224,11052.82334000,382045747.27605760
1698861600000,34510.28000000,35582.00000000,34432.76000000,35421.43000000,20074.03378000,1698883199999,703461747.82328200,614077,10261.05638000,359510942.94185220
1698883200000,35421.43000000,35984.99000000,35152.00000000,35196.70000000,13092.55413000,1698904799999,465470254.87681250,395113,6284.49619000,223501004.73299440
1698904800000,35196.69000000,35478.02000000,35063.25000000,35373.56000000,8751.14809000,1698926399999,308798339.17476130,272873,4297.08173000,151630178.64688390
1698926400000,35373.56000000,35457.96000000,34300.00000000,34771.99000000,18132.89873000,1698947999999,631436532.25967820,522302,8874.52404000,309032409.24967350
1698948000000,34772.00000000,35097.19000000,34706.51000000,34941.59000000,8038.97637000,1698969599999,280436571.78091900,260549,3847.25154000,134202126.32537930
1698969600000,34941.58000000,34946.50000000,34310.00000000,34540.72000000,9149.26252000,1698991199999,316200957.55828760,299345,4254.39761000,147009293.78130480
1698991200000,34540.72000000,34626.12000000,34120.00000000,34252.40000000,11355.03998000,1699012799999,389922325.78851170,330138,5932.64620000,203702007.47711220
1699012800000,34252.39000000,34848.79000000,34150.68000000,34425.20000000,12823.85341000,1699034399999,443293445.25628530,394249,6281.30861000,217112285.42560710
1699034400000,34425.21000000,34740.00000000,34351.18000000,34716.78000000,5743.05053000,1699055999999,198546102.96277770,213641,2700.50427000,93352581.09091050
1699056000000,34716.78000000,34786.68000000,34585.18000000,34760.00000000,3571.28849000,1699077599999,123881242.83880140,175411,1698.28738000,58911930.70939090
1699077600000,34759.99000000,35000.00000000,34680.13000000,34712.37000000,5692.66714000,1699099199999,198168825.44655210,239108,2841.76168000,98938381.38656930
1699099200000,34712.37000000,34803.97000000,34644.00000000,34761.17000000,3551.87929000,1699120799999,123327323.51205650,175527,1727.30400000,59973642.28646660
1699120800000,34761.16000000,35255.00000000,34708.54000000,35062.07000000,5561.72053000,1699142399999,194581206.62242530,204741,2961.81343000,103655800.53486660
1699142400000,35062.06000000,35305.75000000,34935.00000000,35163.98000000,5757.57985000,1699163999999,202156042.96209380,236221,2948.70346000,103548969.29560410
1699164000000,35163.99000000,35188.68000000,35000.20000000,35085.98000000,5066.75671000,1699185599999,177839375.05428930,202298,2191.51216000,76918026.59222940
1699185600000,35085.97000000,35278.54000000,34757.47000000,35066.92000000,6596.69994000,1699207199999,230902449.72396120,305557,3271.48049000,114515297.15903410
1699207200000,35066.91000000,35380.00000000,34448.00000000,35011.88000000,7107.69726000,1699228799999,248453106.26114500,294392,3458.63582000,120929782.85313510
1699228800000,35011.89000000,35118.71000000,34725.90000000,34808.17000000,5752.82431000,1699250399999,200867061.53737940,238651,2671.42144000,93277455.28754170
1699250400000,34808.17000000,35276.33000000,34762.28000000,35232.45000000,5235.60096000,1699271999999,183518791.05351970,235570,2665.52395000,93443073.27456020
1699272000000,35232.45000000,35250.00000000,34900.43000000,34981.66000000,7248.14133000,1699293599999,254231056.18310900,312405,3487.37359000,122317342.30578780
1699293600000,34981.67000000,35150.00000000,34810.64000000,35046.09000000,4109.90426000,1699315199999,143810793.49131240,201620,1945.95829000,68088410.28520090
1699315200000,35046.09000000,35053.41000000,34790.64000000,34913.02000000,4795.93907000,1699336799999,167339715.68804570,224377,2209.13376000,77080487.60508800
1699336800000,34913.02000000,34975.90000000,34551.00000000,34627.83000000,7027.95619000,1699358399999,244386559.73140030,287067,3187.63675000,110849195.62226280
1699358400000,34627.83000000,34859.00000000,34523.06000000,34850.00000000,7210.58850000,1699379999999,250313284.11958560,298363,3595.71258000,124834452.60352100
1699380000000,34850.00000000,35888.00000000,34839.19000000,35399.12000000,19654.25316000,1699401599999,695991801.65882110,542989,10382.78559000,367617873.82906980
1699401600000,35399.13000000,35419.29000000,35231.02000000,35259.19000000,4047.89832000,1699423199999,142974563.79659790,159147,1836.19976000,64860093.42978680
1699423200000,35259.18000000,35437.09000000,35167.78000000,35330.79000000,6081.97109000,1699444799999,214710870.88552610,208736,3248.44224000,114688437.47377900
1699444800000,35330.80000000,35479.45000000,35100.00000000,35313.72000000,7610.65677000,1699466399999,268738351.55560620,270837,4040.43309000,142683967.68306830
1699466400000,35313.72000000,36106.00000000,35288.20000000,35624.72000000,15660.81519000,1699487999999,559068374.25499760,493848,8067.74941000,288082136.79325560
1699488000000,35624.72000000,36863.91000000,35534.05000000,36576.84000000,17529.26568000,1699509599999,636455767.02616720,511068,8990.02887000,326440649.48572740
1699509600000,36576.84000000,36990.00000000,36500.00000000,36805.71000000,11794.09150000,1699531199999,433031719.82596180,295025,5770.97629000,211930820.21405290
1699531200000,36805.71000000,37972.24000000,35600.00000000,36625.27000000,41866.23556000,1699552799999,1549946689.57467100,960686,21357.74349000,791618055.68145760
1699552800000,36625.28000000,36784.57000000,36139.57000000,36701.09000000,11348.29611000,1699574399999,413983746.35588170,371986,6038.06371000,220265455.66394980
1699574400000,36701.10000000,36919.06000000,36446.20000000,36754.50000000,8427.57992000,1699595999999,309309895.39955910,284704,4575.20541000,167928399.39822960
1699596000000,36754.50000000,37147.20000000,36324.71000000,37071.09000000,11138.87925000,1699617599999,408472822.04956900,329168,5410.02711000,198490192.89342450
1699617600000,37071.10000000,37455.00000000,36822.00000000,37200.47000000,15308.58438000,1699639199999,568856464.65733210,429735,7449.56221000,276804029.46196760
1699639200000,37200.46000000,37526.00000000,37070.19000000,37301.63000000,8539.00543000,1699660799999,318429992.41764300,254122,3953.77406000,147449197.01474530
1699660800000,37301.63000000,37408.26000000,36900.10000000,37074.64000000,7133.39730000,1699682399999,264769901.49038160,256556,3175.73710000,117884996.78739040
1699682400000,37074.64000000,37134.85000000,36910.00000000,36988.52000000,4327.61587000,1699703999999,160155998.06345140,181683,2065.33641000,76432044.70261630
1699704000000,36988.51000000,37274.30000000,36951.10000000,37109.99000000,6015.53141000,1699725599999,223336068.53227210,251338,2888.25702000,107228958.80999130
1699725600000,37109.99000000,37175.00000000,36666.93000000,37130.00000000,5508.42777000,1699747199999,203662644.64783760,233723,2599.32739000,96127179.36792170
1699747200000,37129.99000000,37180.00000000,36731.10000000,37108.05000000,4734.56940000,1699768799999,175015954.32839530,216729,2300.56131000,85036508.62879890
1699768800000,37108.06000000,37171.10000000,37026.69000000,37055.50000000,4453.30787000,1699790399999,165222595.38120340,203005,2063.93861000,76571044.45905320
1699790400000,37055.49000000,37222.22000000,36931.10000000,37076.68000000,4881.89156000,1699811999999,181104519.03927830,223382,2387.20526000,88565722.19878000
1699812000000,37076.68000000,37202.09000000,36938.23000000,37064.13000000,3617.41991000,1699833599999,134227744.38939410,167769,1754.75533000,65112092.25811590
1699833600000,37064.13000000,37417.99000000,36812.39000000,36916.94000000,7624.10491000,1699855199999,282637837.83464000,283768,3717.72417000,137840032.95124580
1699855200000,36916.93000000,37050.00000000,36692.58000000,36810.02000000,6469.32476000,1699876799999,238828421.68336380,234679,3040.78987000,112271526.70375510
1699876800000,36810.02000000,37031.45000000,36534.04000000,36670.09000000,10422.03504000,1699898399999,383455567.83037540,390198,4885.88889000,179789935.39985010
1699898400000,36670.09000000,36875.00000000,36333.00000000,36462.93000000,8282.71781000,1699919999999,303115634.95576520,308546,3798.04219000,139015099.85646640
1699920000000,36462.93000000,36630.00000000,36190.17000000,36627.79000000,5959.44631000,1699941599999,216891153.89602660,222674,2784.23231000,101356629.04644980
1699941600000,36627.78000000,36744.00000000,36236.36000000,36259.18000000,7447.39170000,1699963199999,272082795.11590340,252593,3266.56022000,119324761.71728390
1699963200000,36259.17000000,36693.01000000,35889.00000000,36091.09000000,13803.59890000,1699984799999,501425750.33569270,441923,6664.72612000,242155604.60516540
1699984800000,36091.10000000,36125.74000000,34800.00000000,35551.19000000,18293.24725000,1700006399999,648731085.73918740,487238,8489.66750000,301004647.51197890
1700006400000,35551.20000000,35665.45000000,35360.00000000,35600.00000000,6477.71120000,1700027999999,229834392.21149000,183355,3207.03945000,113786287.13172600
1700028000000,35600.01000000,36278.62000000,35522.46000000,36240.94000000,9205.39543000,1700049599999,329954831.39383640,262063,4817.76412000,172718443.53071960
1700049600000,36240.95000000,36554.99000000,36002.35000000,36491.04000000,11605.52811000,1700071199999,420731306.11484130,350403,6144.33446000,222773904.90291890
1700071200000,36491.05000000,37980.00000000,36450.00000000,37858.20000000,26280.49911000,1700092799999,982729126.78930600,749606,13973.00437000,522390866.42805630
1700092800000,37858.20000000,37929.54000000,37307.55000000,37455.32000000,7785.33123000,1700114399999,292561755.49402620,280554,3515.71069000,132092374.84687770
1700114400000,37455.33000000,37621.10000000,37121.09000000,37247.48000000,7801.82928000,1700135999999,291644550.69212700,307183,3723.78233000,139221594.20590070
1700136000000,37247.49000000,37319.99000000,36256.15000000,36313.27000000,16187.63117000,1700157599999,594728346.81519360,497700,7538.34324000,277003581.90761170
1700157600000,36313.28000000,36398.61000000,35500.00000000,36163.51000000,15715.60398000,1700179199999,565568686.01382580,457009,7436.21302000,267615004.17273670
1700179200000,36163.51000000,36673.69000000,36101.44000000,36355.57000000,8557.42604000,1700200799999,311343763.67714230,259135,3986.55473000,145041388.69224710
1700200800000,36355.57000000,36464.00000000,36121.00000000,36372.83000000,7583.97825000,1700222399999,275471009.27603810,266440,3601.03513000,130803279.33397730
1700222400000,36372.82000000,36800.00000000,35861.10000000,36499.99000000,15502.92113000,1700243999999,562348676.90201790,575523,7540.81725000,273612025.33260230
1700244000000,36500.00000000,36723.59000000,36227.87000000,36613.92000000,6639.28570000,1700265599999,242061601.33712890,248224,3274.95700000,119409189.78291980
1700265600000,36613.91000000,36613.92000000,36303.98000000,36334.00000000,3307.13123000,1700287199999,120455502.26007850,160904,1516.40220000,55227068.60414690
1700287200000,36334.01000000,36538.61000000,36178.58000000,36402.80000000,3956.73847000,1700308799999,143969169.53721260,177865,1931.88510000,70299034.05822000
1700308800000,36402.79000000,36845.49000000,36347.69000000,36620.00000000,6248.09445000,1700330399999,228609061.92934870,256546,3063.62429000,112093204.40483460
1700330400000,36620.01000000,36768.00000000,36443.10000000,36568.10000000,3590.27771000,1700351999999,131400335.79902360,189183,1589.63597000,58175798.36283080
1700352000000,36568.11000000,36573.44000000,36388.27000000,36510.96000000,2736.47151000,1700373599999,99840652.89655600,142359,1278.63243000,46645492.10043650
1700373600000,36510.95000000,36716.00000000,36384.02000000,36453.62000000,4011.75531000,1700395199999,146680409.53070490,197364,2017.13001000,73753656.01542360
1700395200000,36453.63000000,36640.00000000,36385.70000000,36603.04000000,3765.80434000,1700416799999,137460633.33253550,185123,1782.00415000,65047168.75942000
1700416800000,36603.04000000,37500.00000000,36597.49000000,37359.86000000,10732.31532000,1700438399999,397550143.67736280,337554,5497.48634000,203643551.93106190
1700438400000,37359.85000000,37382.68000000,37038.30000000,37132.88000000,5592.13523000,1700459999999,208103579.02085800,227626,2485.25948000,92484735.24403770
1700460000000,37132.88000000,37420.00000000,37060.40000000,37147.50000000,6503.33724000,1700481599999,241901722.88173420,263619,3210.52177000,119425418.95786330
1700481600000,37147.51000000,37750.00000000,36677.00000000,37576.66000000,16117.27671000,1700503199999,600802730.31924920,598073,8251.11654000,307648519.54363000
1700503200000,37576.65000000,37746.00000000,37271.10000000,37448.78000000,7809.95373000,1700524799999,292914610.16463370,395732,3644.32873000,136687309.99418730
1700524800000,37448.79000000,37649.44000000,37304.72000000,37355.89000000,4885.85942000,1700546399999,183039589.84900230,249427,2254.57040000,84474186.87813540
1700546400000,37355.90000000,37418.00000000,37150.00000000,37174.97000000,4282.20278000,1700567999999,159789127.28988650,201677,1917.36450000,71548640.23796420
1700568000000,37174.97000000,37500.00000000,36250.00000000,36901.99000000,23220.57322000,1700589599999,855820626.02406390,817326,11098.27596000,409028765.71006380
1700589600000,36901.99000000,37170.00000000,35735.00000000,35741.65000000,15257.91262000,1700611199999,558098152.81890190,668465,7101.20982000,259868416.73169660
1700611200000,35741.65000000,36479.84000000,35632.01000000,36358.99000000,10672.22442000,1700632799999,386011170.25001020,343280,6125.36779000,221586615.56702230
1700632800000,36358.99000000,36773.53000000,36358.99000000,36463.93000000,6697.39942000,1700654399999,244799289.00291720,298188,3388.46454000,123856968.90076190
1700654400000,36463.94000000,36650.00000000,36239.20000000,36586.75000000,9119.22699000,1700675999999,332762642.89562980,409432,4431.14767000,161701778.32518110
1700676000000,36586.76000000,37861.10000000,36562.57000000,37408.34000000,18562.45614000,1700697599999,693567920.27879080,597474,9101.73174000,340000105.53298830
1700697600000,37408.35000000,37535.10000000,37240.00000000,37323.11000000,5387.47211000,1700719199999,201317277.08935890,222442,2527.94628000,94473027.35947700
1700719200000,37323.11000000,37653.44000000,37159.95000000,37370.00000000,7000.66306000,1700740799999,261795699.34905340,248245,3025.71981000,113174945.13323390
1700740800000,37370.00000000,37530.00000000,36870.00000000,37169.78000000,7778.24782000,1700762399999,289178116.68383460,326247,3819.05548000,141994745.55108510
1700762400000,37169.77000000,37385.00000000,37163.55000000,37294.28000000,3661.54583000,1700783999999,136535555.73190040,195350,1713.62975000,63896625.90102450
1700784000000,37294.27000000,37494.57000000,37251.51000000,37425.64000000,3343.67733000,1700805599999,124976253.73072450,171818,1630.96714000,60967980.22349950
1700805600000,37425.65000000,38035.46000000,37356.01000000,37741.99000000,12937.24997000,1700827199999,487563100.97842240,386433,6787.57889000,255907547.69513360
1700827200000,37741.99000000,38414.00000000,37550.32000000,37850.00000000,21973.86283000,1700848799999,833581655.69577210,576318,10962.90374000,415893777.42175980
1700848800000,37850.00000000,37943.60000000,37570.52000000,37713.57000000,6426.01633000,1700870399999,242594717.67422910,244845,2967.72259000,112033776.29178950
1700870400000,37713.57000000,37839.44000000,37676.03000000,37812.77000000,3091.08620000,1700891999999,116734734.83678030,148241,1466.33563000,55369305.35413180
1700892000000,37812.77000000,37828.93000000,37591.10000000,37652.51000000,3069.28805000,1700913599999,115778856.08803600,157290,1357.82620000,51218825.50415780
1700913600000,37652.51000000,37796.79000000,37620.00000000,37765.37000000,2571.82016000,1700935199999,96972934.16957000,140338,1118.65803000,42177149.74019040
1700935200000,37765.37000000,37888.00000000,37711.76000000,37780.67000000,2663.95023000,1700956799999,100678726.66658860,123579,1211.09130000,45770940.68661410
1700956800000,37780.67000000,37784.63000000,37662.18000000,37773.21000000,1927.84350000,1700978399999,72737314.50901050,113157,873.33595000,32949855.54327210
1700978400000,37773.22000000,37814.63000000,37666.80000000,37679.31000000,2504.71639000,1700999999999,94541203.85517710,132624,1161.64518000,43847316.97463550
1701000000000,37679.30000000,37679.31000000,37150.00000000,37275.22000000,10872.99546000,1701021599999,406726736.48931430,367004,5107.32780000,191021870.79226630
1701021600000,37275.21000000,37748.00000000,37163.72000000,37447.43000000,5958.98188000,1701043199999,223315938.73589720,235235,3062.20748000,114752230.73590430
1701043200000,37447.42000000,37569.23000000,37200.00000000,37306.32000000,4131.52544000,1701064799999,154404545.85946690,203172,1880.79989000,70284166.39457150
1701064800000,37306.32000000,37466.00000000,36900.00000000,37035.95000000,8624.05643000,1701086399999,320844334.92493240,338429,4001.17730000,148876592.43239000
1701086400000,37035.95000000,37143.43000000,36707.00000000,36923.62000000,11483.59806000,1701107999999,424129480.62074520,419738,5820.86555000,214992352.55724210
1701108000000,36923.62000000,37284.00000000,36787.92000000,37242.70000000,5761.89383000,1701129599999,213179073.87164770,276678,2755.79548000,101975984.18264060
1701129600000,37242.70000000,37343.57000000,36868.41000000,36913.76000000,4629.70212000,1701151199999,171791682.88204960,206373,1988.24395000,73784288.33927730
1701151200000,36913.75000000,37262.02000000,36893.08000000,37251.42000000,5281.47719000,1701172799999,195762278.66705130,241159,2610.95842000,96788038.59864450
1701172800000,37251.43000000,38240.00000000,37142.81000000,38210.75000000,13789.13765000,1701194399999,519959106.89694890,468790,7243.96904000,273206078.95676830
1701194400000,38210.75000000,38377.00000000,37670.97000000,37818.87000000,13844.14971000,1701215999999,526847183.23629580,356457,6325.39057000,240735865.04418160
1701216000000,37818.88000000,38093.72000000,37677.96000000,38035.73000000,6125.97289000,1701237599999,232295484.82410290,190839,2781.74655000,105484254.35312060
1701237600000,38035.72000000,38450.00000000,37878.17000000,38104.65000000,10758.68137000,1701259199999,410451887.19597680,334218,5299.92048000,202240771.50927980
1701259200000,38104.65000000,38280.00000000,37570.00000000,37777.01000000,10953.23197000,1701280799999,415099176.69750610,384432,5009.51285000,189857781.92369750
1701280800000,37777.00000000,37932.77000000,37580.85000000,37854.64000000,5156.30484000,1701302399999,194739956.94500430,221864,2497.78485000,94335147.68829890
1701302400000,37854.65000000,38145.85000000,37686.84000000,37885.63000000,5529.73682000,1701323999999,209663494.61129380,225058,2587.79048000,98105031.31544570
1701324000000,37885.63000000,37950.00000000,37553.60000000,37885.15000000,6784.76059000,1701345599999,256196849.55370240,261311,2959.32551000,111739866.25590100
1701345600000,37885.15000000,37966.94000000,37500.00000000,37740.86000000,8913.78700000,1701367199999,336118384.87651160,348621,4296.13380000,162006483.26610930
1701367200000,37740.86000000,37809.99000000,37604.00000000,37723.96000000,3512.00706000,1701388799999,132512329.91930630,172801,1641.20445000,61921341.66710740
1701388800000,37723.97000000,38243.30000000,37615.86000000,38120.84000000,8462.52120000,1701410399999,321551507.05291930,298302,4262.69408000,161962572.14204710
1701410400000,38120.84000000,38833.00000000,38070.10000000,38580.17000000,14837.90976000,1701431999999,571036425.73849020,442773,7961.49934000,306479977.36604130
1701432000000,38580.17000000,38999.00000000,38219.00000000,38799.01000000,13378.88492000,1701453599999,516023146.02339250,484428,6756.96648000,260668872.12641650
1701453600000,38799.02000000,38920.00000000,38625.61000000,38682.52000000,6736.34736000,1701475199999,261139698.80917940,297914,3427.11311000,132865998.52869030
1701475200000,38682.51000000,38821.59000000,38641.61000000,38750.01000000,3266.66610000,1701496799999,126552139.19165060,177363,1530.88676000,59304013.25129330
1701496800000,38750.01000000,38826.94000000,38651.10000000,38740.16000000,3150.51564000,1701518399999,122061809.20094540,185624,1352.42973000,52394704.29642710
1701518400000,38740.17000000,38869.36000000,38703.44000000,38795.09000000,4470.12471000,1701539999999,173339084.93093810,211491,2173.79445000,84296618.73860430
1701540000000,38795.09000000,39717.14000000,38775.00000000,39450.35000000,15809.61516000,1701561599999,621468943.44253110,460212,8109.54292000,318768351.28827620
1701561600000,39450.35000000,39555.53000000,39274.86000000,39422.78000000,4322.50103000,1701583199999,170427235.63423380,177634,1938.32067000,76420103.74104340
1701583200000,39422.78000000,39544.00000000,39369.23000000,39479.70000000,3187.00702000,1701604799999,125741971.38079840,186227,1507.18578000,59466623.52744950
1701604800000,39479.69000000,39841.10000000,39381.34000000,39526.70000000,8533.10262000,1701626399999,338121605.74821440,420678,4259.49577000,168783812.35270650
1701626400000,39526.70000000,40250.00000000,39430.01000000,39972.26000000,10668.04268000,1701647999999,425569828.28619780,366985,5628.29410000,224588687.54630980
1701648000000,39972.26000000,41531.00000000,39972.26000000,41500.00000000,20142.84699000,1701669599999,820840676.27403800,555398,10758.82122000,438634162.37337100
1701669600000,41500.01000000,42154.83000000,41308.41000000,41596.01000000,25556.31780000,1701691199999,1064192181.77541700,636389,11483.53469000,478456751.91770360
1701691200000,41596.01000000,41914.16000000,41144.87000000,41614.66000000,19084.96875000,1701712799999,793220677.38193280,506124,8688.72520000,361197914.29607540
1701712800000,41614.65000000,42420.00000000,41513.33000000,41991.10000000,14488.19705000,1701734399999,607483308.70949300,414308,7664.53794000,321422033.50002670
1701734400000,41991.10000000,41991.10000000,41622.21000000,41911.09000000,7239.75913000,1701755999999,302534180.65703760,350664,3585.48198000,149825542.38501170
1701756000000,41911.10000000,41919.08000000,41414.00000000,41726.09000000,10113.80607000,1701777599999,420894254.92935080,387963,4478.73606000,186434786.23464510
1701777600000,41726.09000000,43990.00000000,41694.00000000,43377.87000000,27589.48078000,1701799199999,1177355531.46596240,735030,15282.14535000,652230849.12584720
1701799200000,43377.87000000,44488.00000000,43316.00000000,44073.32000000,22547.70046000,1701820799999,989421422.43777580,599043,11469.44474000,503322669.49346410
1701820800000,44073.82000000,44146.08000000,43545.03000000,43676.33000000,11538.74578000,1701842399999,505900208.47507370,426750,5636.54047000,247116614.53985830
1701842400000,43676.33000000,44297.21000000,43335.28000000,43839.21000000,15727.67060000,1701863999999,688875913.19303260,589807,7819.79578000,342602579.37135110
1701864000000,43839.22000000,44279.98000000,43721.73000000,43961.12000000,15972.79404000,1701885599999,702878150.86707870,565401,7846.13007000,345272382.81504830
1701885600000,43961.13000000,44120.00000000,43600.78000000,43762.69000000,8191.89450000,1701907199999,359325233.05961970,294324,3790.15860000,166281786.36017190
1701907200000,43762.69000000,44047.33000000,43710.00000000,44007.25000000,4931.67413000,1701928799999,216662613.49651740,203107,2346.47847000,103093802.84076010
1701928800000,44007.24000000,44030.01000000,42821.10000000,43188.03000000,16236.23156000,1701950399999,705291552.29340730,465670,7383.24807000,320622678.51402770
1701950400000,43188.03000000,43925.00000000,42955.00000000,43419.02000000,15667.29687000,1701971999999,680698527.14661860,455872,7753.53141000,336971331.22236880
1701972000000,43419.03000000,43457.65000000,43058.42000000,43273.14000000,10268.06589000,1701993599999,444293158.94710130,290110,5152.41877000,222941963.91670480
1701993600000,43273.15000000,43550.00000000,43261.10000000,43421.90000000,6948.37598000,1702015199999,301688315.93221970,204399,3474.60504000,150868491.64412670
1702015200000,43421.91000000,43729.73000000,43081.10000000,43653.82000000,11247.58976000,1702036799999,487121585.97273170,298384,5322.18647000,230532914.04336470
1702036800000,43653.82000000,44030.16000000,43453.02000000,43735.82000000,13272.59991000,1702058399999,580910755.57104190,462687,6356.31139000,278180411.59089590
1702058400000,43735.82000000,44700.00000000,43735.00000000,44170.99000000,11431.80991000,1702079999999,505861097.97091720,345798,5665.57571000,250775445.61568570
1702080000000,44171.00000000,44358.02000000,44043.61000000,44274.99000000,5214.40299000,1702101599999,230418171.93606360,201075,2524.23415000,111547608.06810270
1702101600000,44275.00000000,44332.64000000,43720.00000000,43817.35000000,7831.99379000,1702123199999,344494306.61712200,292794,3661.84059000,161060037.03824900
1702123200000,43817.35000000,44136.52000000,43741.52000000,43891.46000000,6900.90705000,1702144799999,303293117.32525200,285973,3312.67285000,145588835.14946780
1702144800000,43891.46000000,44084.55000000,43584.51000000,43713.60000000,4978.66625000,1702166399999,218281510.68639620,207510,2099.26015000,92059513.61226640
1702166400000,43713.59000000,43965.00000000,43672.00000000,43884.40000000,3399.27085000,1702187999999,148914258.18324390,149685,1694.39009000,74227904.41410780
1702188000000,43884.40000000,44049.00000000,43603.88000000,43738.02000000,5025.12810000,1702209599999,220016171.18216520,239583,2246.24472000,98349152.04044690
1702209600000,43738.03000000,43973.76000000,43731.84000000,43821.09000000,4554.20890000,1702231199999,199647696.82714070,233527,1988.32522000,87168185.06583590
1702231200000,43821.08000000,44046.00000000,43563.00000000,43789.51000000,5978.00973000,1702252799999,261907036.36440370,207872,2912.94640000,127630833.86209370
1702252800000,43789.50000000,43804.50000000,40400.00000000,42053.41000000,24487.71147000,1702274399999,1036797416.09556680,666143,11215.97873000,474449068.89512390
1702274400000,42053.41000000,42481.10000000,41716.68000000,42344.01000000,14364.24562000,1702295999999,606064005.14004980,446465,7253.11887000,306062138.86394040
1702296000000,42344.01000000,42390.32000000,41291.10000000,41347.83000000,17570.27747000,1702317599999,735200070.82340830,472240,8328.93931000,348463881.41907520
1702317600000,41347.83000000,41349.97000000,40222.00000000,41253.40000000,20241.66348000,1702339199999,827479343.45240900,502294,9701.20578000,396667788.97396390
1702339200000,41253.41000000,41938.80000000,41178.28000000,41565.99000000,9186.78877000,1702360799999,382703293.48065190,334996,4729.62262000,197042850.94129280
1702360800000,41566.00000000,42104.12000000,41401.92000000,41584.57000000,10090.20928000,1702382399999,421761410.49272230,355988,4930.97960000,206129230.42994530
1702382400000,41584.58000000,42070.23000000,40700.00000000,40702.99000000,14740.80922000,1702403999999,610541661.91233560,518547,7005.71333000,290260833.95486530
1702404000000,40702.99000000,41555.00000000,40680.00000000,41492.39000000,8704.89046000,1702425599999,358954918.45185380,316880,4728.59603000,195005413.56543120
1702425600000,41492.38000000,41506.00000000,40555.00000000,41019.66000000,9483.67160000,1702447199999,388945940.08427680,318387,4489.91459000,184095657.27585110
1702447200000,41019.65000000,41280.00000000,40800.00000000,41004.69000000,6717.20194000,1702468799999,276193384.44827470,301063,3084.44636000,126840496.54163550
1702468800000,41004.69000000,42215.63000000,40984.00000000,42118.60000000,13344.66284000,1702490399999,556550967.80082860,584279,6826.88417000,284676254.72640970
1702490400000,42118.60000000,43475.20000000,41988.20000000,42869.03000000,16320.46135000,1702511999999,698013097.15150030,520930,7953.72874000,340173057.47868940
1702512000000,42869.03000000,42948.55000000,42648.95000000,42808.48000000,6918.46941000,1702533599999,295911967.73521030,256601,3181.07363000,136068549.12739220
1702533600000,42808.48000000,43311.10000000,42685.20000000,43267.06000000,8082.68663000,1702555199999,347228000.08475310,364108,3954.46035000,169895069.63225370
1702555200000,43267.07000000,43420.00000000,41400.00000000,43202.18000000,19445.29261000,1702576799999,828756941.43508100,701705,9868.28248000,420640385.26241290
1702576800000,43202.17000000,43208.68000000,42806.61000000,43022.26000000,7600.60844000,1702598399999,326843716.04661560,277122,3575.97697000,153752338.35945300
1702598400000,43022.26000000,43080.81000000,42479.14000000,42592.63000000,6622.30089000,1702619999999,283607035.83872730,280195,2926.38532000,125324985.92688670
1702620000000,42592.62000000,43026.33000000,42515.94000000,42776.03000000,6838.54931000,1702641599999,292434342.20017060,303764,3488.07295000,149182246.63830810
1702641600000,42776.04000000,42787.24000000,41666.00000000,41855.06000000,13485.21171000,1702663199999,568414541.49755720,490720,6756.73287000,284704775.11444660
1702663200000,41855.05000000,42264.03000000,41832.28000000,41940.30000000,6475.73129000,1702684799999,272443018.97352380,248949,3149.94540000,132501297.06894740
1702684800000,41940.29000000,42410.99000000,41605.00000000,42266.09000000,5693.22233000,1702706399999,239719697.37791340,230764,2880.37615000,121300250.37833370
1702706400000,42266.09000000,42339.55000000,42097.18000000,42331.99000000,4510.83727000,1702727999999,190476032.71953160,246094,2407.41519000,101658239.98816880
1702728000000,42332.00000000,42724.43000000,42243.00000000,42506.89000000,7047.41132000,1702749599999,299295723.42007450,380550,3493.26925000,148359037.66595920
1702749600000,42506.88000000,42520.01000000,42118.45000000,42278.03000000,6867.38655000,1702771199999,290978174.36821360,323478,3412.44452000,144591912.87763120
1702771200000,42278.02000000,42298.82000000,41771.62000000,41902.70000000,4985.33203000,1702792799999,209460931.44098850,261280,2285.74630000,96044048.82874420
1702792800000,41902.70000000,42038.00000000,41661.36000000,41960.07000000,5709.68307000,1702814399999,239225340.80434510,291098,2744.61608000,114998445.41699750
1702814400000,41960.07000000,42424.07000000,41510.00000000,42091.37000000,9477.23748000,1702835999999,397683381.63515990,398617,4737.91096000,198846514.10695040
1702836000000,42091.38000000,42237.48000000,41252.00000000,41374.65000000,7549.86194000,1702857599999,315593989.08230290,276639,3477.59070000,145420251.77524890
1702857600000,41374.64000000,41470.10000000,40801.00000000,41004.18000000,10431.65587000,1702879199999,428949128.19193500,366212,4808.88941000,197764965.52875290
1702879200000,41004.19000000,41312.39000000,40542.93000000,41105.12000000,12666.31758000,1702900799999,519405461.44286470,467830,6344.64175000,260306605.99854990
1702900800000,41105.12000000,41750.00000000,40888.00000000,41385.01000000,12232.08867000,1702922399999,505828056.01112340,468766,6345.56137000,262431313.42031110
1702922400000,41385.01000000,42757.81000000,41335.83000000,42657.80000000,11404.03038000,1702943999999,481820660.43664950,438839,5756.70618000,243272534.62553590
1702944000000,42657.80000000,43497.00000000,42567.69000000,42958.78000000,11795.04605000,1702965599999,506828199.10265270,396657,6085.92671000,261534668.00393170
1702965600000,42958.79000000,43268.74000000,42815.27000000,42976.11000000,8813.34706000,1702987199999,379509806.58307630,357457,4048.01317000,174318386.03642340
1702987200000,42976.10000000,43041.10000000,41834.87000000,41854.06000000,13131.43020000,1703008799999,557840315.43553210,521595,6403.67927000,272056343.76824140
1703008800000,41854.07000000,42528.67000000,41811.10000000,42275.99000000,7188.04113000,1703030399999,303651921.34033260,333479,3626.04031000,153173485.50241930
1703030400000,42275.99000000,42880.08000000,42206.00000000,42709.17000000,6339.15803000,1703051999999,269438478.88191000,310925,3013.77666000,128121382.32446770
1703052000000,42709.17000000,43041.00000000,42634.08000000,42864.44000000,7855.47641000,1703073599999,336656136.96704140,374980,3818.31744000,163653012.83027140
1703073600000,42864.43000000,44283.00000000,42757.32000000,43996.80000000,23435.80620000,1703095199999,1025033724.36396360,805776,11783.80627000,515252035.55130420
1703095200000,43996.81000000,44250.00000000,43230.17000000,43668.93000000,11079.85406000,1703116799999,484685529.56670400,442907,5296.23645000,231667575.07009660
1703116800000,43668.92000000,43731.08000000,43286.72000000,43511.11000000,6282.56565000,1703138399999,273591093.27804770,263480,2899.91730000,126287100.46829210
1703138400000,43511.11000000,44100.00000000,43476.35000000,43931.60000000,9132.92191000,1703159999999,400081879.68068740,370936,4859.90651000,212893395.32317900
1703160000000,43931.60000000,44242.35000000,43370.40000000,43449.10000000,12109.08841000,1703181599999,530261940.16812280,541111,5763.35929000,252418318.77200570
1703181600000,43449.11000000,44119.20000000,43411.10000000,43861.80000000,7099.71787000,1703203199999,310595006.06092170,325175,3535.71235000,154667566.20576360
1703203200000,43861.79000000,44251.00000000,43722.46000000,44138.00000000,6797.77528000,1703224799999,299366400.90219810,267338,3586.88401000,157966579.31202110
1703224800000,44138.01000000,44398.26000000,43463.00000000,43753.94000000,11299.55516000,1703246399999,494919575.35436000,503417,5286.33098000,231619708.52502930
1703246400000,43753.95000000,43809.40000000,43412.54000000,43686.90000000,7705.88615000,1703267999999,336131559.83828940,352725,3706.11221000,161649345.64894450
1703268000000,43686.89000000,44048.16000000,43613.02000000,43969.04000000,6979.97979000,1703289599999,305656961.41801230,280629,3469.89555000,151963577.55332470
1703289600000,43969.04000000,43988.68000000,43291.10000000,43605.97000000,5829.19252000,1703311199999,254197590.42500270,266685,2719.45804000,118573658.35440370
1703311200000,43605.97000000,43669.88000000,43490.01000000,43547.78000000,3374.57787000,1703332799999,147092176.56197590,167534,1563.88482000,68169347.95048990
1703332800000,43547.78000000,43856.00000000,43547.77000000,43746.88000000,3844.13852000,1703354399999,168113428.56719790,210621,1901.40830000,83151092.82703050
1703354400000,43746.88000000,43850.00000000,43632.77000000,43702.16000000,3509.22039000,1703375999999,153540629.77904110,204818,1580.55448000,69152410.03579550
1703376000000,43702.15000000,43946.00000000,43420.01000000,43490.01000000,5982.10673000,1703397599999,261556062.16714800,271334,2769.09379000,121082567.38966370
1703397600000,43490.01000000,43694.72000000,43401.00000000,43634.20000000,4785.88366000,1703419199999,208540563.62804840,248137,2342.60606000,102076643.08018310
1703419200000,43634.19000000,43864.08000000,43550.00000000,43627.63000000,5019.70087000,1703440799999,219363633.37511080,276823,2410.16065000,105328842.21036010
1703440800000,43627.62000000,43678.00000000,42500.00000000,42991.50000000,9356.64370000,1703462399999,404000375.71911550,341384,4319.40564000,186473976.49812780
1703462400000,42991.50000000,43252.71000000,42720.43000000,43238.00000000,5218.78006000,1703483999999,224541660.89065400,233344,2689.24472000,115712367.76511780
1703484000000,43238.00000000,43335.13000000,43045.43000000,43171.11000000,5196.56935000,1703505599999,224442926.50404880,233970,2535.72950000,109526951.52948020
1703505600000,43171.11000000,43802.32000000,43080.01000000,43554.21000000,9751.34020000,1703527199999,424905868.49970430,443289,4935.96538000,215100254.59366550
1703527200000,43554.21000000,43720.96000000,43328.14000000,43576.13000000,6854.55031000,1703548799999,298162930.61657440,257825,3530.29970000,153561311.91488270
1703548800000,43576.12000000,43592.68000000,42650.00000000,42764.85000000,8139.21119000,1703570399999,351641474.45223720,317435,3810.29231000,164615859.09549910
1703570400000,42764.85000000,42837.05000000,42150.00000000,42685.55000000,12973.58996000,1703591999999,552903500.05905980,404879,6925.55137000,295171148.60976910
1703592000000,42685.56000000,42827.68000000,41637.60000000,42009.99000000,12641.16001000,1703613599999,535378671.25917310,466037,6237.24949000,264294659.02464090
1703613600000,42010.00000000,42591.89000000,41832.42000000,42508.93000000,7256.08166000,1703635199999,306409966.53447500,287465,4123.07317000,174185768.50807390
1703635200000,42508.93000000,42541.10000000,42098.69000000,42454.27000000,5048.70328000,1703656799999,213813384.35066940,229109,2423.25541000,102658969.97381970
1703656800000,42454.28000000,43220.00000000,42394.40000000,43019.11000000,9570.35675000,1703678399999,409763244.60086930,349972,5342.61081000,228659701.28594990
1703678400000,43019.11000000,43191.10000000,42706.00000000,43021.99000000,11839.75655000,1703699999999,508782108.76198940,458477,5963.94584000,256288572.93085410
1703700000000,43022.00000000,43677.00000000,42928.75000000,43428.85000000,9732.39478000,1703721599999,421724252.33874780,402212,5253.02061000,227632368.42674030
1703721600000,43428.86000000,43787.57000000,43140.88000000,43222.01000000,8873.64070000,1703743199999,385748555.13926310,347935,4316.47040000,187667355.30473190
1703743200000,43222.00000000,43222.01000000,42794.11000000,43059.98000000,7868.75822000,1703764799999,338534855.49668390,333620,4024.39649000,173132379.64540420
1703764800000,43059.98000000,43125.03000000,42241.79000000,42539.60000000,12051.80214000,1703786399999,513705649.22090480,464885,6042.97935000,257540485.39932620
1703786400000,42539.61000000,42745.97000000,42334.99000000,42563.76000000,6356.32379000,1703807999999,270419682.52122930,245386,3038.97286000,129291682.70593660
1703808000000,42563.76000000,42800.00000000,42088.92000000,42677.71000000,8708.57341000,1703829599999,370017563.26779790,340441,4366.75758000,185533042.65500370
1703829600000,42677.71000000,42934.00000000,42222.00000000,42862.01000000,8839.73533000,1703851199999,376130637.81363960,332565,4506.46549000,191766434.93096500
1703851200000,42862.00000000,43111.00000000,41650.00000000,41806.43000000,15354.73022000,1703872799999,650654564.07968440,550790,7308.39067000,309808954.05303150
1703872800000,41806.42000000,42240.00000000,41300.00000000,42066.95000000,9694.15016000,1703894399999,406283520.08545560,347341,5013.72754000,210216293.15789530
1703894400000,42066.94000000,42209.22000000,41820.00000000,42104.00000000,4359.60515000,1703915999999,183364654.54732150,183428,2288.97887000,96278825.01781800
1703916000000,42104.01000000,42160.00000000,41520.30000000,41893.96000000,5900.94599000,1703937599999,246700386.58332150,232532,2820.12891000,117912573.93644670
1703937600000,41893.96000000,42612.32000000,41882.71000000,42489.00000000,8284.10993000,1703959199999,350260210.05612170,331775,4411.90341000,186582671.83387160
1703959200000,42489.00000000,42515.26000000,42079.97000000,42140.28000000,4361.91711000,1703980799999,184550539.79817030,188810,2206.68529000,93359817.11904480
