date_utc,Open_time,Open_price,High_price,Low_price,Close_price,Volume,Close_time,Quote_volume,Nb_trades,Taker_buy_base_volume,Taker_buy_quote_volume,target_up
2023-08-28 00:00:00+00:00,1693180800000,26101.78,26105.0,25872.05,25963.02,5714.74716,1693202399999,148609676.9372336,125103,2459.39264,63950367.3575036,0
2023-08-28 06:00:00+00:00,1693202400000,25963.01,26004.0,25864.5,26000.99,4435.50168,1693223999999,115057288.1698128,111246,2314.65067,60048357.3538075,1
2023-08-28 12:00:00+00:00,1693224000000,26000.99,26253.99,25991.44,26141.79,7687.00032,1693245599999,200908419.9834516,163132,3921.50238,102493857.718043,1
2023-08-28 18:00:00+00:00,1693245600000,26141.79,26178.83,25918.0,26120.0,4855.37739,1693267199999,126433554.086072,123576,2216.8598,57733591.3640854,0
2023-08-29 00:00:00+00:00,1693267200000,26120.0,26206.24,26032.07,26065.15,5339.28346,1693288799999,139324093.5487827,99640,2694.03844,70311364.3875862,0
2023-08-29 06:00:00+00:00,1693288800000,26065.15,26065.16,25922.0,25975.55,5310.25989,1693310399999,138028592.3870316,118615,2383.12393,61942214.0527875,0
2023-08-29 12:00:00+00:00,1693310400000,25975.54,28142.85,25964.79,27892.07,51471.3079,1693331999999,1408976377.1333272,704151,26846.39757,734669951.738056,1
2023-08-29 18:00:00+00:00,1693332000000,27892.08,28020.73,27532.79,27716.34,12131.14363,1693353599999,336996987.6893377,214677,6021.99077,167320502.2030366,0
2023-08-30 00:00:00+00:00,1693353600000,27716.34,27768.57,27280.99,27469.04,9013.17772,1693375199999,247844806.0545489,152199,4137.46,113749655.957109,0
2023-08-30 06:00:00+00:00,1693375200000,27469.05,27499.0,27310.05,27338.51,6125.57353,1693396799999,167932117.1784866,133161,2989.71585,81959509.249628,0
2023-08-30 12:00:00+00:00,1693396800000,27338.52,27464.45,27017.24,27167.98,15387.77382,1693418399999,419214083.1449861,282337,7444.7556,202814915.34623832,0
2023-08-30 18:00:00+00:00,1693418400000,27167.97,27337.78,27100.0,27299.99,4921.73341,1693439999999,134095444.7845041,122595,2143.64567,58402329.1767567,1
2023-08-31 00:00:00+00:00,1693440000000,27299.99,27303.36,27178.88,27251.29,3136.53649,1693461599999,85392198.8147819,96512,1439.3739,39187990.2734024,0
2023-08-31 06:00:00+00:00,1693461600000,27251.29,27587.51,27184.99,27303.96,7316.68757,1693483199999,199816284.76382527,163717,3463.22352,94593527.5624634,1
2023-08-31 12:00:00+00:00,1693483200000,27303.95,27315.47,26133.94,26329.07,25029.67357,1693504799999,669987578.0744629,401225,12251.96332,327961424.3854284,0
2023-08-31 18:00:00+00:00,1693504800000,26329.08,26387.32,25655.01,25940.78,15549.90638,1693526399999,405177124.3586008,283236,7443.55323,193964291.6636066,0
2023-09-01 00:00:00+00:00,1693526400000,25940.77,26100.0,25931.11,26027.27,4788.52171,1693547999999,124638304.9054656,109473,2497.48788,64995270.256639,1
2023-09-01 06:00:00+00:00,1693548000000,26027.26,26072.34,25957.37,26047.49,5038.60771,1693569599999,131058202.5422774,129818,2351.36854,61159180.2281968,1
2023-09-01 12:00:00+00:00,1693569600000,26047.5,26156.0,25333.75,25478.86,21950.72134,1693591199999,565840477.1762103,415800,10472.91818,270009829.2940543,0
2023-09-01 18:00:00+00:00,1693591200000,25478.85,25937.42,25455.41,25805.05,9254.2998,1693612799999,237907607.0857962,226088,4639.2157,119265666.4042823,1
2023-09-02 00:00:00+00:00,1693612800000,25805.04,25853.03,25752.47,25821.38,3438.78388,1693634399999,88698080.6304132,121008,1744.65342,45001335.9019717,1
2023-09-02 06:00:00+00:00,1693634400000,25821.37,25860.0,25774.81,25813.54,3677.11214,1693655999999,94915779.1446245,136247,1663.08729,42927447.8408411,0
2023-09-02 12:00:00+00:00,1693656000000,25813.55,25987.5,25785.64,25813.58,6019.37468,1693677599999,155730491.9978914,191466,2793.49916,72274373.2813299,1
2023-09-02 18:00:00+00:00,1693677600000,25813.58,25907.09,25763.2,25869.51,3115.50628,1693699199999,80468618.1739307,119007,1433.67429,37031279.9979057,1
2023-09-03 00:00:00+00:00,1693699200000,25869.52,25907.53,25826.29,25900.06,2282.76557,1693720799999,59053693.2429873,80069,1218.83639,31529942.5341654,1
2023-09-03 06:00:00+00:00,1693720800000,25900.06,25956.3,25877.3,25943.38,3851.53921,1693742399999,99826788.6938803,105802,2180.63935,56521461.3043093,1
2023-09-03 12:00:00+00:00,1693742400000,25943.39,26085.01,25800.0,25888.0,6196.50171,1693763999999,160523999.1969089,168705,2606.17869,67532651.1269789,0
2023-09-03 18:00:00+00:00,1693764000000,25887.99,26135.0,25882.27,25971.21,5143.67018,1693785599999,133696208.9683312,141836,2577.51055,66997481.0613931,1
2023-09-04 00:00:00+00:00,1693785600000,25971.21,26108.02,25877.66,25934.44,3892.23919,1693807199999,101087614.1943762,122033,1867.28325,48501670.1574936,0
2023-09-04 06:00:00+00:00,1693807200000,25934.44,26011.24,25865.57,25892.49,4567.91,1693828799999,118513381.1224974,123320,2112.82334,54821631.255977,0
2023-09-04 12:00:00+00:00,1693828800000,25892.49,25966.8,25717.04,25907.48,7366.0389,1693850399999,190387170.4240862,198361,3363.56648,86934434.215032,1
2023-09-04 18:00:00+00:00,1693850400000,25907.47,25948.15,25631.21,25826.02,5951.408,1693871999999,153544724.8290395,153116,2833.69553,73108147.801053,0
2023-09-05 00:00:00+00:00,1693872000000,25826.03,25844.48,25562.62,25733.31,4639.38847,1693893599999,119280296.478921,126215,2101.2427,54015620.666919,0
2023-09-05 06:00:00+00:00,1693893600000,25733.31,25812.09,25654.0,25783.68,4769.14969,1693915199999,122738316.7118943,129808,2379.70933,61251237.2526607,1
2023-09-05 12:00:00+00:00,1693915200000,25783.69,25915.49,25625.03,25749.08,8738.74851,1693936799999,225132711.8766962,204828,4110.98583,105917765.9280138,0
2023-09-05 18:00:00+00:00,1693936800000,25749.09,25802.73,25675.0,25792.1,3176.1067,1693958399999,81742382.532689,105885,1334.72052,34352414.6185022,1
2023-09-06 00:00:00+00:00,1693958400000,25792.11,25870.51,25740.13,25746.55,2907.43778,1693979999999,75001327.0654579,97325,1289.95653,33279450.2771175,0
2023-09-06 06:00:00+00:00,1693980000000,25746.55,25791.32,25715.16,25733.29,3775.30185,1694001599999,97231035.4281815,114205,1424.85766,36692657.6727977,0
2023-09-06 12:00:00+00:00,1694001600000,25733.28,26040.0,25372.51,25860.01,13279.98759,1694023199999,340698952.3045322,260841,6476.3469,166210449.242795,1
2023-09-06 18:00:00+00:00,1694023200000,25860.0,25959.52,25588.0,25759.95,7299.79664,1694044799999,187831866.0029961,163931,3545.54455,91233887.5913857,0
2023-09-07 00:00:00+00:00,1694044800000,25759.95,25850.0,25724.78,25788.92,2726.06226,1694066399999,70277136.8722633,96580,1255.12295,32355645.2407665,1
2023-09-07 06:00:00+00:00,1694066400000,25788.91,25795.62,25691.07,25708.6,3156.04973,1694087999999,81258777.7603832,104966,1268.40071,32655225.5908411,0
2023-09-07 12:00:00+00:00,1694088000000,25708.6,25976.66,25615.38,25931.18,8337.0258,1694109599999,214924349.04390272,195991,4311.22488,111155527.0950514,1
2023-09-07 18:00:00+00:00,1694109600000,25931.19,26443.14,25836.76,26255.0,13468.35788,1694131199999,352462745.2305691,234392,6671.44302,174574926.3653783,1
2023-09-08 00:00:00+00:00,1694131200000,26255.0,26445.5,26198.91,26239.43,7250.67253,1694152799999,190634243.04819152,148381,3700.21737,97286301.1307763,0
2023-09-08 06:00:00+00:00,1694152800000,26239.44,26289.13,25647.26,25839.51,10085.99683,1694174399999,261975110.29719967,211234,4491.77728,116593868.4954271,0
2023-09-08 12:00:00+00:00,1694174400000,25839.52,25955.0,25719.8,25829.01,7602.90979,1694195999999,196548253.3015451,168063,4014.4674,103785715.5851509,0
2023-09-08 18:00:00+00:00,1694196000000,25829.01,25934.36,25766.21,25910.5,4060.18556,1694217599999,105026930.462756,119174,2032.4374,52570959.2200533,1
2023-09-09 00:00:00+00:00,1694217600000,25910.5,25910.5,25836.49,25844.92,2804.90781,1694239199999,72575288.3507907,87437,1168.07267,30221507.2949812,0
2023-09-09 06:00:00+00:00,1694239200000,25844.92,25907.75,25844.92,25863.03,2416.76072,1694260799999,62536548.8267167,86243,1086.03054,28100921.2618617,1
2023-09-09 12:00:00+00:00,1694260800000,25863.03,25945.09,25796.64,25879.0,3837.33295,1694282399999,99273010.8104361,113952,1969.34071,50950848.9992055,1
2023-09-09 18:00:00+00:00,1694282400000,25879.01,25919.5,25845.7,25901.61,1921.62129,1694303999999,49724625.8196348,71406,988.99957,25590111.2068375,1
2023-09-10 00:00:00+00:00,1694304000000,25901.6,25902.68,25750.35,25847.81,3447.81962,1694325599999,89063614.2506426,113261,1454.07729,37559720.0227637,0
2023-09-10 06:00:00+00:00,1694325600000,25847.82,25873.96,25795.33,25795.33,2713.92437,1694347199999,70132622.7565609,92133,1249.19356,32282231.1819891,0
2023-09-10 12:00:00+00:00,1694347200000,25795.33,25834.82,25650.0,25695.6,5237.31126,1694368799999,134891437.3690937,136952,2280.43746,58730185.0423916,0
2023-09-10 18:00:00+00:00,1694368800000,25695.59,26033.66,25570.57,25841.61,7339.21389,1694390399999,189489784.82923728,147427,3763.80241,97180764.7932057,1
2023-09-11 00:00:00+00:00,1694390400000,25841.6,25894.48,25652.78,25892.97,4285.91664,1694411999999,110397374.4352501,115547,2115.65556,54495023.2088725,1
2023-09-11 06:00:00+00:00,1694412000000,25892.96,25900.69,25577.3,25601.27,7530.14468,1694433599999,193735803.40814328,172274,3379.1628,86935488.2355187,0
2023-09-11 12:00:00+00:00,1694433600000,25601.27,25755.09,24951.0,25223.92,22187.37928,1694455199999,560480465.7370512,401564,10619.90329,268270481.7125047,0
2023-09-11 18:00:00+00:00,1694455200000,25223.92,25227.96,24901.0,25162.52,7678.8794,1694476799999,192758241.089262,174753,3550.18078,89120652.2283263,0
2023-09-12 00:00:00+00:00,1694476800000,25162.53,25990.0,25131.48,25773.08,15730.14096,1694498399999,403390395.0700841,280017,8057.667,206523715.4347432,1
2023-09-12 06:00:00+00:00,1694498400000,25773.07,26331.38,25723.27,26098.99,16512.48377,1694519999999,428847463.5089906,267457,8090.73605,210162483.71250832,1
2023-09-12 12:00:00+00:00,1694520000000,26098.98,26567.0,25892.42,25903.04,17253.80369,1694541599999,451688795.6024199,331659,8283.31422,216882654.73843408,0
2023-09-12 18:00:00+00:00,1694541600000,25903.04,26265.98,25790.0,25840.1,6937.95695,1694563199999,180466382.78016767,167923,3288.80103,85578466.0930208,0
2023-09-13 00:00:00+00:00,1694563200000,25840.1,25985.91,25764.17,25900.01,5580.82726,1694584799999,144566459.1669966,123288,2789.38606,72257641.6693417,1
2023-09-13 06:00:00+00:00,1694584800000,25900.0,26247.79,25855.17,26198.41,8206.34034,1694606399999,213786155.8534182,198797,4343.18352,113135964.0491003,1
2023-09-13 12:00:00+00:00,1694606400000,26198.41,26405.22,26016.22,26094.13,14240.64099,1694627999999,373248748.995648,282078,6592.13827,172796720.0738216,0
2023-09-13 18:00:00+00:00,1694628000000,26094.13,26305.46,26055.0,26222.0,3583.01894,1694649599999,93836517.4526963,110717,1562.29253,40909455.8285012,1
2023-09-14 00:00:00+00:00,1694649600000,26222.0,26541.77,26126.77,26194.76,8804.84859,1694671199999,231456352.83229193,187111,4483.939,117883998.8836001,0
2023-09-14 06:00:00+00:00,1694671200000,26194.77,26489.5,26183.95,26446.15,6314.3905,1694692799999,166249667.1691223,141045,3325.39641,87544378.58361,1
2023-09-14 12:00:00+00:00,1694692800000,26446.15,26798.5,26342.08,26645.63,17348.43842,1694714399999,461384222.96692175,316293,8798.68444,234002561.00556713,1
2023-09-14 18:00:00+00:00,1694714400000,26645.63,26860.49,26473.0,26522.73,5865.49499,1694735999999,156177076.8046866,154829,2832.43482,75432855.9056122,0
2023-09-15 00:00:00+00:00,1694736000000,26522.73,26655.84,26448.19,26588.99,4216.46081,1694757599999,112015337.416301,122400,2099.73756,55784618.370257,1
2023-09-15 06:00:00+00:00,1694757600000,26588.98,26690.0,26375.01,26425.16,6430.54269,1694779199999,170847494.5962407,150804,2897.45027,76991590.6263158,0
2023-09-15 12:00:00+00:00,1694779200000,26425.17,26526.99,26224.0,26338.5,8301.35361,1694800799999,218816192.0890342,197009,3881.13875,102304435.5063993,0
2023-09-15 18:00:00+00:00,1694800800000,26338.51,26888.0,26331.97,26600.0,7278.93658,1694822399999,193524233.8988686,183881,3722.06457,98965286.2637491,1
2023-09-16 00:00:00+00:00,1694822400000,26599.99,26777.0,26515.0,26537.76,5024.58014,1694843999999,133814263.3279784,156915,2362.47752,62923476.2639514,0
2023-09-16 06:00:00+00:00,1694844000000,26537.76,26581.98,26445.0,26524.09,3632.56107,1694865599999,96295933.0554351,137990,1685.5099,44682360.3499412,0
2023-09-16 12:00:00+00:00,1694865600000,26524.08,26622.22,26481.87,26566.98,3296.17648,1694887199999,87467000.4218302,136963,1552.32345,41192680.89706,1
2023-09-16 18:00:00+00:00,1694887200000,26566.98,26622.15,26505.4,26559.67,2007.61582,1694908799999,53312669.6540298,94548,908.60265,24128263.8778897,0
2023-09-17 00:00:00+00:00,1694908800000,26559.67,26570.0,26416.16,26543.79,3451.71018,1694930399999,91477333.9823523,122839,1644.02659,43570116.6123044,0
2023-09-17 06:00:00+00:00,1694930400000,26543.79,26623.25,26490.88,26566.67,3137.77082,1694951999999,83331655.5513017,110043,1655.55488,43967832.0082322,1
2023-09-17 12:00:00+00:00,1694952000000,26566.68,26600.0,26480.0,26480.0,3348.93755,1694973599999,88885855.832819,131153,1614.42902,42853547.3969033,0
2023-09-17 18:00:00+00:00,1694973600000,26480.01,26534.09,26399.0,26527.51,3059.68422,1694995199999,81008882.1936341,112740,1445.8841,38284083.9990231,1
2023-09-18 00:00:00+00:00,1694995200000,26527.5,26750.0,26377.35,26647.45,6442.08445,1695016799999,171250105.762908,171987,3164.69751,84135842.5894854,1
2023-09-18 06:00:00+00:00,1695016800000,26647.45,27240.0,26622.77,27196.98,12659.48973,1695038399999,341101054.809836,267902,6702.79322,180628182.0477577,1
2023-09-18 12:00:00+00:00,1695038400000,27196.98,27409.0,26669.94,26760.49,17286.0503,1695059999999,469360440.6144518,327688,8431.19424,229032923.77348927,0
2023-09-18 18:00:00+00:00,1695060000000,26760.48,26943.83,26631.0,26762.51,6612.80808,1695081599999,177068746.4381091,171128,3253.03108,87115540.3486985,1
2023-09-19 00:00:00+00:00,1695081600000,26762.5,26860.0,26667.79,26796.26,4124.10495,1695103199999,110382272.4982707,131540,2043.52879,54688975.4589756,1
2023-09-19 06:00:00+00:00,1695103200000,26796.26,27466.0,26750.88,27237.56,11056.42122,1695124799999,299824931.3720836,243673,5949.6695,161263425.8481914,1
2023-09-19 12:00:00+00:00,1695124800000,27237.57,27483.57,26881.37,27133.88,15761.43054,1695146399999,428906057.8387708,360925,7560.33525,205747324.20612368,0
2023-09-19 18:00:00+00:00,1695146400000,27133.88,27222.81,26990.01,27210.26,5248.56516,1695167999999,142425993.8504949,161938,2297.62204,62361582.6116423,1
2023-09-20 00:00:00+00:00,1695168000000,27210.25,27388.63,27007.0,27025.0,6476.71693,1695189599999,176003447.2754326,174943,3188.54688,86668298.9958423,0
2023-09-20 06:00:00+00:00,1695189600000,27024.99,27197.66,26936.79,27098.08,8289.03034,1695211199999,224319116.0036302,202074,4323.60902,117018406.2028942,1
2023-09-20 12:00:00+00:00,1695211200000,27098.07,27277.36,26997.94,27195.12,8599.90805,1695232799999,233475789.06523567,222094,4226.22515,114740152.0878193,1
2023-09-20 18:00:00+00:00,1695232800000,27195.13,27300.0,26800.0,27125.0,10841.56335,1695254399999,293407723.6183288,268177,5245.04981,141975488.8842276,0
2023-09-21 00:00:00+00:00,1695254400000,27125.01,27159.6,26936.66,27071.02,5009.73002,1695275999999,135434765.3690333,156447,2400.53843,64896441.1146883,0
2023-09-21 06:00:00+00:00,1695276000000,27071.03,27073.09,26618.9,26730.78,9849.49056,1695297599999,264206682.68245432,251800,4821.63635,129332007.4224059,0
2023-09-21 12:00:00+00:00,1695297600000,26730.77,26776.98,26377.7,26651.55,15548.75337,1695319199999,412945304.89534384,291410,7826.67581,207857713.7432642,0
2023-09-21 18:00:00+00:00,1695319200000,26651.56,26687.35,26497.94,26568.08,4068.85267,1695340799999,108181390.4044813,123759,1829.93143,48652201.5703401,0
2023-09-22 00:00:00+00:00,1695340800000,26568.08,26670.15,26468.77,26666.23,4598.03674,1695362399999,122342965.9239081,147354,2165.66095,57624029.2987831,1
2023-09-22 06:00:00+00:00,1695362400000,26666.23,26743.38,26573.93,26640.26,4951.83591,1695383999999,131964171.3408898,146974,2350.03059,62626271.3683911,0
2023-09-22 12:00:00+00:00,1695384000000,26640.26,26698.29,26531.01,26576.22,5412.18524,1695405599999,144061376.6185783,155843,2531.91456,67396833.1112206,0
2023-09-22 18:00:00+00:00,1695405600000,26576.22,26635.73,26488.0,26580.14,3236.17131,1695427199999,85963105.0651557,116978,1436.49069,38158558.9451745,1
2023-09-23 00:00:00+00:00,1695427200000,26580.14,26614.98,26509.0,26542.46,2319.32128,1695448799999,61608004.1862577,105628,1019.42159,27078484.2194103,0
2023-09-23 06:00:00+00:00,1695448800000,26542.46,26594.78,26541.67,26575.21,2454.88942,1695470399999,65227479.5990881,99826,1126.66725,29934349.4696663,1
2023-09-23 12:00:00+00:00,1695470400000,26575.21,26610.0,26546.2,26598.31,2900.5449,1695491999999,77075684.217238,124344,1480.32342,39336197.1798526,1
2023-09-23 18:00:00+00:00,1695492000000,26598.31,26632.81,26558.07,26575.96,1765.947,1695513599999,46962789.38609,91919,760.78504,20232183.2612038,0
2023-09-24 00:00:00+00:00,1695513600000,26575.97,26590.01,26550.0,26557.99,1715.07268,1695535199999,45571856.1729097,80192,637.87871,16948992.3355135,0
2023-09-24 06:00:00+00:00,1695535200000,26557.99,26611.8,26549.31,26596.71,2156.88103,1695556799999,57325371.6608669,89196,1217.11549,32348519.1016523,1
2023-09-24 12:00:00+00:00,1695556800000,26596.71,26719.63,26563.17,26673.07,2974.62164,1695578399999,79132728.0329634,115836,1556.78631,41416126.9697522,1
2023-09-24 18:00:00+00:00,1695578400000,26673.07,26738.54,26122.08,26248.38,8860.08236,1695599999999,234338345.5069448,259821,4135.28291,109364813.6098397,0
2023-09-25 00:00:00+00:00,1695600000000,26248.39,26343.1,26000.0,26113.81,7538.98065,1695621599999,197327031.92241967,238893,3754.82807,98305039.8762504,0
2023-09-25 06:00:00+00:00,1695621600000,26113.81,26233.43,26020.01,26075.41,5367.51457,1695643199999,140162847.003494,191287,2553.90724,66693649.9415778,0
2023-09-25 12:00:00+00:00,1695643200000,26075.4,26425.63,25990.46,26358.41,9339.63727,1695664799999,244918173.2177566,288089,4477.38955,117425971.8293094,1
2023-09-25 18:00:00+00:00,1695664800000,26358.41,26446.15,26263.83,26304.81,4020.07141,1695686399999,105844544.2373241,155219,1868.45721,49197791.5046679,0
2023-09-26 00:00:00+00:00,1695686400000,26304.8,26397.46,26234.37,26320.9,3414.96665,1695707999999,89881282.9977303,132779,1771.45474,46624780.0166892,1
2023-09-26 06:00:00+00:00,1695708000000,26320.91,26339.06,26188.26,26273.83,4267.26512,1695729599999,112059565.2226334,163287,1921.5539,50464727.8825392,0
2023-09-26 12:00:00+00:00,1695729600000,26273.82,26306.39,26088.34,26175.01,7056.48301,1695751199999,184864205.9456814,237226,3439.86124,90122028.7784801,0
2023-09-26 18:00:00+00:00,1695751200000,26175.0,26288.68,26100.0,26221.67,3756.63588,1695772799999,98412850.8760597,164435,1680.89156,44035333.8697503,1
2023-09-27 00:00:00+00:00,1695772800000,26221.68,26289.5,26202.96,26255.89,2771.52575,1695794399999,72744601.1891283,123064,1212.74213,31829585.5384636,1
2023-09-27 06:00:00+00:00,1695794400000,26255.89,26848.07,26223.72,26766.7,11312.30584,1695815999999,299723338.61704886,278826,5844.00319,154805453.1958729,1
2023-09-27 12:00:00+00:00,1695816000000,26766.69,26850.0,26158.63,26231.39,15815.32682,1695837599999,418359190.0343844,361897,7355.95592,194526031.92272687,0
2023-09-27 18:00:00+00:00,1695837600000,26231.39,26385.0,26112.06,26372.99,4872.42137,1695859199999,127970685.2079194,175903,2401.05382,63060315.7690776,1
2023-09-28 00:00:00+00:00,1695859200000,26373.0,26557.75,26342.4,26449.95,6004.11331,1695880799999,158683157.9654517,208747,2975.17866,78633417.43417,1
2023-09-28 06:00:00+00:00,1695880800000,26449.96,26623.84,26389.29,26476.93,6955.1088,1695902399999,184189649.0535255,221803,3627.39193,96066369.6390444,1
2023-09-28 12:00:00+00:00,1695902400000,26476.93,27308.48,26460.0,27160.13,22248.38689,1695923999999,598672028.3977925,469806,11313.05328,304587213.959336,1
2023-09-28 18:00:00+00:00,1695924000000,27160.14,27231.94,26848.71,27021.39,9310.22591,1695945599999,251875204.71414888,258618,4547.56855,123053702.5689558,0
2023-09-29 00:00:00+00:00,1695945600000,27021.39,27134.16,26859.7,26977.11,6077.86499,1695967199999,164054089.8886813,178012,3228.88709,87157813.8861476,0
2023-09-29 06:00:00+00:00,1695967200000,26977.12,27244.89,26950.0,26970.78,7444.15223,1695988799999,201546185.6613531,217919,3998.39074,108268671.1753715,0
2023-09-29 12:00:00+00:00,1695988800000,26970.78,27149.05,26665.16,26840.95,11120.21805,1696010399999,299069132.4874072,326589,5436.36226,146226177.2781811,0
2023-09-29 18:00:00+00:00,1696010400000,26840.95,26984.99,26750.0,26906.96,3836.52692,1696031999999,103157906.8944673,156090,1745.71545,46938580.9194523,1
2023-09-30 00:00:00+00:00,1696032000000,26906.96,26955.91,26886.31,26934.9,1934.55922,1696053599999,52078773.0543538,103289,976.31098,26282534.5526664,1
2023-09-30 06:00:00+00:00,1696053600000,26934.91,26997.0,26919.36,26936.02,3037.86724,1696075199999,81856273.5101275,122783,1405.5044,37871842.6588863,1
2023-09-30 12:00:00+00:00,1696075200000,26936.02,27094.99,26903.01,27017.55,4899.2735,1696096799999,132238048.3578123,176238,2496.89024,67397052.6630991,1
2023-09-30 18:00:00+00:00,1696096800000,27017.54,27081.78,26946.73,26962.56,2932.92311,1696118399999,79232961.7584017,132598,1342.5371,36267153.1853057,0
2023-10-01 00:00:00+00:00,1696118400000,26962.57,27072.75,26954.09,27071.72,2259.945,1696139999999,61080968.1716075,115376,1146.37422,30981115.1884191,1
2023-10-01 06:00:00+00:00,1696140000000,27071.73,27289.08,27071.72,27187.71,5713.92054,1696161599999,155257388.9927599,213188,2959.48856,80413675.9142171,1
2023-10-01 12:00:00+00:00,1696161600000,27187.71,27229.29,27035.78,27072.35,4345.36732,1696183199999,117934312.3711458,205904,2034.43549,55218038.1322,0
2023-10-01 18:00:00+00:00,1696183200000,27072.34,28065.51,27033.1,27992.57,12283.58182,1696204799999,340384452.4589072,349125,6675.68867,185010132.2352912,1
2023-10-02 00:00:00+00:00,1696204800000,27992.58,28210.0,27826.65,27977.38,11804.84037,1696226399999,330498172.4584494,317433,5844.80116,163650066.9428722,0
2023-10-02 06:00:00+00:00,1696226400000,27977.39,28484.28,27963.35,28198.04,14507.48208,1696247999999,410220265.1869456,363638,7579.86359,214322989.66455728,1
2023-10-02 12:00:00+00:00,1696248000000,28198.05,28580.0,27853.49,28055.25,16479.69711,1696269599999,465133104.1853717,441995,8192.47526,231303018.0358322,0
2023-10-02 18:00:00+00:00,1696269600000,28055.26,28104.1,27281.44,27494.51,14279.12285,1696291199999,395092941.6594397,341092,6806.46999,188322777.83651647,0
2023-10-03 00:00:00+00:00,1696291200000,27494.51,27648.05,27381.48,27572.37,6853.41683,1696312799999,188618203.7066456,233406,2999.49453,82603306.5404973,1
2023-10-03 06:00:00+00:00,1696312800000,27572.37,27676.52,27475.0,27559.99,5534.65029,1696334399999,152647692.8562136,260037,2534.75799,69912465.9935968,0
2023-10-03 12:00:00+00:00,1696334400000,27560.0,27579.7,27234.55,27435.4,10033.64769,1696355999999,275062991.1814384,452787,4874.63925,133634877.6923948,0
2023-10-03 18:00:00+00:00,1696356000000,27435.4,27469.65,27160.5,27426.46,6507.25074,1696377599999,177972927.6822044,256147,3153.1435,86251450.5702622,0
2023-10-04 00:00:00+00:00,1696377600000,27426.45,27510.29,27202.0,27407.18,7804.44638,1696399199999,213492688.9408648,299409,4281.43723,117103976.709686,0
2023-10-04 06:00:00+00:00,1696399200000,27407.18,27643.09,27350.75,27572.43,5878.77074,1696420799999,161804650.2812495,244636,2868.64278,78950227.8685908,1
2023-10-04 12:00:00+00:00,1696420800000,27572.43,27633.42,27329.85,27539.51,8139.34002,1696442399999,223728652.9411592,363896,3927.93676,107970134.5845825,0
2023-10-04 18:00:00+00:00,1696442400000,27539.5,27839.72,27522.0,27778.57,7993.58486,1696463999999,221395393.0925118,280440,3999.68508,110782237.1855421,1
2023-10-05 00:00:00+00:00,1696464000000,27778.57,27896.07,27638.36,27641.31,4122.35707,1696485599999,114289461.6903507,215881,2170.76314,60187315.4832224,0
2023-10-05 06:00:00+00:00,1696485600000,27641.31,27774.55,27550.77,27725.68,4572.70701,1696507199999,126489215.3493461,200295,2291.391,63381835.9607805,1
2023-10-05 12:00:00+00:00,1696507200000,27725.68,28120.39,27352.0,27483.43,17670.31007,1696528799999,490122087.0987671,615321,8645.17414,239880959.5622931,0
2023-10-05 18:00:00+00:00,1696528800000,27483.43,27535.52,27388.0,27410.39,4316.12204,1696550399999,118514829.9087865,178900,1878.66577,51589595.5803516,0
2023-10-06 00:00:00+00:00,1696550400000,27410.39,27590.0,27389.99,27499.99,4397.12114,1696571999999,120943868.0954809,158947,2192.28248,60304229.4590303,1
2023-10-06 06:00:00+00:00,1696572000000,27499.99,27801.0,27464.48,27760.0,7025.0106,1696593599999,194240177.8809878,254995,3601.58006,99565817.206514,1
2023-10-06 12:00:00+00:00,1696593600000,27760.0,28044.86,27175.94,27958.52,18830.50182,1696615199999,521161704.1749121,626897,9314.11518,257811170.3837122,1
2023-10-06 18:00:00+00:00,1696615200000,27958.53,28295.0,27866.66,27931.09,7730.60921,1696636799999,216518643.6662327,285861,3983.26234,111559971.5081125,0
2023-10-07 00:00:00+00:00,1696636800000,27931.1,27955.9,27842.08,27900.44,3533.60875,1696658399999,98612854.3883037,166007,1733.53772,48378720.7402839,0
2023-10-07 06:00:00+00:00,1696658400000,27900.45,28029.67,27875.0,27942.12,3899.93502,1696679999999,109000125.315852,169384,1941.29044,54262729.2380458,1
2023-10-07 12:00:00+00:00,1696680000000,27942.12,27986.27,27895.28,27933.15,2920.74345,1696701599999,81615478.2157066,168296,1374.91417,38419235.28032,0
2023-10-07 18:00:00+00:00,1696701600000,27933.16,27959.75,27850.0,27956.67,2994.55103,1696723199999,83591821.6032807,137936,1342.60856,37474262.5201342,1
2023-10-08 00:00:00+00:00,1696723200000,27956.67,28095.14,27878.06,27933.91,7008.76122,1696744799999,196202940.5317736,212032,3116.5308,87283636.580449,0
2023-10-08 06:00:00+00:00,1696744800000,27933.92,27953.21,27775.0,27811.63,3929.70471,1696766399999,109518842.983609,171406,1771.26904,49363240.1294424,0
2023-10-08 12:00:00+00:00,1696766400000,27811.63,27999.72,27687.5,27878.8,5132.79433,1696787999999,143099096.3225822,250573,2533.57863,70634425.4142026,1
2023-10-08 18:00:00+00:00,1696788000000,27878.79,27980.0,27800.0,27917.05,3622.30895,1696809599999,101019071.6421163,188719,1794.70424,50051947.4089832,1
2023-10-09 00:00:00+00:00,1696809600000,27917.06,27987.93,27796.53,27864.2,3546.50834,1696831199999,98973223.2125458,169913,1560.41911,43547515.0958765,0
2023-10-09 06:00:00+00:00,1696831200000,27864.21,27913.9,27412.21,27468.92,11168.70566,1696852799999,308579402.3300282,368725,5283.3028,145937240.2944245,0
2023-10-09 12:00:00+00:00,1696852800000,27468.91,27589.76,27260.0,27589.76,12105.39345,1696874399999,332276038.4966348,435341,5941.16502,163088813.4677539,1
2023-10-09 18:00:00+00:00,1696874400000,27589.76,27750.03,27529.99,27590.12,4714.13894,1696895999999,130185970.3229521,182546,2292.5431,63313672.2463951,1
2023-10-10 00:00:00+00:00,1696896000000,27590.12,27697.56,27492.6,27607.23,3554.44952,1696917599999,98124312.8744889,160896,1690.78159,46674420.9020036,1
2023-10-10 06:00:00+00:00,1696917600000,27607.24,27735.0,27500.0,27508.87,4540.16529,1696939199999,125471823.3577982,195971,2091.62371,57810218.2730888,0
2023-10-10 12:00:00+00:00,1696939200000,27508.86,27630.0,27329.62,27369.2,10426.38408,1696960799999,286113330.3052951,449856,5004.39391,137333253.1764603,0
2023-10-10 18:00:00+00:00,1696960800000,27369.19,27470.01,27298.0,27390.12,4255.84494,1696982399999,116549257.7399961,195549,2064.42396,56536492.3465972,1
2023-10-11 00:00:00+00:00,1696982400000,27390.12,27477.39,26964.89,27113.68,9016.52638,1697003999999,244896506.6700066,295668,4095.57891,111218192.918577,0
2023-10-11 06:00:00+00:00,1697004000000,27113.69,27332.0,27017.0,27196.26,7005.16704,1697025599999,190250750.2400383,271813,3198.51344,86862870.6205044,1
2023-10-11 12:00:00+00:00,1697025600000,27196.26,27262.45,26538.66,26632.26,15152.64,1697047199999,406884828.7262741,520396,6777.4493,181972937.09655353,0
2023-10-11 18:00:00+00:00,1697047200000,26632.27,26885.41,26585.51,26875.52,6175.11364,1697068799999,165033500.2983216,248602,3388.53575,90566209.1501097,1
2023-10-12 00:00:00+00:00,1697068800000,26875.52,26947.04,26735.83,26876.85,5100.69836,1697090399999,136836687.9747751,193823,2832.90733,75995457.9307135,1
2023-10-12 06:00:00+00:00,1697090400000,26876.85,26920.81,26655.6,26837.84,6745.63832,1697111999999,180704411.9193134,279661,2856.71828,76531273.0799535,0
2023-10-12 12:00:00+00:00,1697112000000,26837.84,26862.74,26555.0,26641.9,7999.24247,1697133599999,213650168.0007702,406197,3683.82762,98376960.0341271,0
2023-10-12 18:00:00+00:00,1697133600000,26641.89,26775.0,26596.45,26759.63,3583.06197,1697155199999,95717800.492013,186401,1755.4062,46891292.4964376,1
2023-10-13 00:00:00+00:00,1697155200000,26759.63,26876.06,26750.0,26821.92,3336.81252,1697176799999,89453943.8230092,158105,1594.16982,42737192.0609517,1
2023-10-13 06:00:00+00:00,1697176800000,26821.92,26943.0,26737.4,26820.92,5335.33423,1697198399999,143132425.5642596,208169,2294.64284,61563956.832553,0
2023-10-13 12:00:00+00:00,1697198400000,26820.91,26966.85,26685.0,26768.26,7133.36855,1697219999999,191236883.3227539,341224,3250.02748,87129984.5262198,0
2023-10-13 18:00:00+00:00,1697220000000,26768.26,27130.0,26723.0,26862.0,8310.24969,1697241599999,223730543.6480435,327824,4070.81375,109618152.3225685,1
2023-10-14 00:00:00+00:00,1697241600000,26862.0,26989.58,26845.0,26885.07,2912.57353,1697263199999,78369361.0967644,138722,1380.95702,37157940.1015837,1
2023-10-14 06:00:00+00:00,1697263200000,26885.06,26900.0,26841.76,26872.35,3170.53043,1697284799999,85189915.0496219,124930,998.4783,26827362.0688046,0
2023-10-14 12:00:00+00:00,1697284800000,26872.35,26953.18,26850.44,26889.51,2404.83557,1697306399999,64691759.0530149,139818,1106.47341,29765386.8750322,1
2023-10-14 18:00:00+00:00,1697306400000,26889.51,26890.33,26789.0,26852.48,1929.31623,1697327999999,51807983.8540001,114367,892.94346,23979635.7732524,0
2023-10-15 00:00:00+00:00,1697328000000,26852.48,26916.77,26815.76,26882.44,1692.08966,1697349599999,45482112.1782133,102690,836.2746,22479731.126613,1
2023-10-15 06:00:00+00:00,1697349600000,26882.45,26919.0,26843.79,26852.47,1675.47493,1697371199999,45047814.0665162,99027,687.5543,18485780.1831604,0
2023-10-15 12:00:00+00:00,1697371200000,26852.48,27017.44,26808.25,26982.49,4101.02124,1697392799999,110333455.855616,194356,2142.31482,57636773.9628828,1
2023-10-15 18:00:00+00:00,1697392800000,26982.49,27293.33,26956.17,27154.15,7806.10587,1697414399999,211810583.24358928,286869,4136.54871,112231408.8617765,1
2023-10-16 00:00:00+00:00,1697414400000,27154.14,27980.0,27112.66,27916.44,13661.49397,1697435999999,376121470.08147985,354582,7629.70127,209951488.14732432,1
2023-10-16 06:00:00+00:00,1697436000000,27916.43,27971.34,27641.72,27749.6,11308.19005,1697457599999,314591990.2556252,349986,5674.6051,157881322.7338158,0
2023-10-16 12:00:00+00:00,1697457600000,27749.61,30000.0,27709.04,28234.99,40323.25558,1697479199999,1146793513.072397,1214684,20717.8923,589574335.0105556,1
2023-10-16 18:00:00+00:00,1697479200000,28235.0,28808.51,28230.37,28500.78,13106.28485,1697500799999,373278574.82659423,370087,6715.84306,191293442.7876388,1
2023-10-17 00:00:00+00:00,1697500800000,28500.77,28549.34,28069.32,28220.44,8863.09524,1697522399999,250813742.6867832,260733,3842.28497,108702425.5974119,0
2023-10-17 06:00:00+00:00,1697522400000,28220.44,28609.38,28120.5,28422.63,10694.15457,1697543999999,303684563.1432288,355984,5890.67101,167296008.7021423,1
2023-10-17 12:00:00+00:00,1697544000000,28422.63,28613.65,28135.35,28427.27,12945.67435,1697565599999,367656613.5889192,510926,6246.33819,177439029.6959009,1
2023-10-17 18:00:00+00:00,1697565600000,28427.27,28556.56,28306.42,28395.91,5925.52116,1697587199999,168586827.0641562,218167,3014.77382,85781024.3461308,0
2023-10-18 00:00:00+00:00,1697587200000,28395.91,28982.36,28320.29,28695.5,9272.61117,1697608799999,265418286.2253542,328920,4702.75201,134637607.4280765,1
2023-10-18 06:00:00+00:00,1697608800000,28695.51,28742.23,28236.41,28340.64,7846.29182,1697630399999,223549343.16362032,323365,3760.9539,107164571.0034835,0
2023-10-18 12:00:00+00:00,1697630400000,28340.65,28437.41,28142.87,28330.04,10465.183,1697651999999,296275910.7809489,374511,4952.45762,140209671.6135059,0
2023-10-18 18:00:00+00:00,1697652000000,28330.04,28374.27,28190.81,28320.0,4578.38992,1697673599999,129529984.9828347,188439,2173.98089,61503903.7720113,0
2023-10-19 00:00:00+00:00,1697673600000,28320.0,28418.0,28100.66,28308.38,6669.13178,1697695199999,188536234.71406472,224183,3367.31747,95207093.2174705,0
2023-10-19 06:00:00+00:00,1697695200000,28308.39,28514.21,28242.67,28450.69,6756.92214,1697716799999,191789136.6988248,259385,3569.91848,101346127.7402949,1
2023-10-19 12:00:00+00:00,1697716800000,28450.7,28916.89,28420.0,28547.24,15791.82814,1697738399999,452079772.8412727,582260,8193.20775,234563890.61622033,1
2023-10-19 18:00:00+00:00,1697738400000,28547.24,28882.07,28525.0,28713.71,6677.61973,1697759999999,191578872.7781166,264428,3296.79373,94578740.9892644,1
2023-10-20 00:00:00+00:00,1697760000000,28713.71,29400.0,28578.29,29221.75,15336.46188,1697781599999,446129657.66298974,511639,7649.07179,222444311.2995314,1
2023-10-20 06:00:00+00:00,1697781600000,29221.75,30207.55,29179.96,29839.99,22916.54622,1697803199999,681329765.4987174,714801,11970.17144,356015650.1990991,1
2023-10-20 12:00:00+00:00,1697803200000,29839.99,29910.0,29321.0,29516.38,15351.20553,1697824799999,453841171.7165586,490641,6951.856,205514839.3978728,0
2023-10-20 18:00:00+00:00,1697824800000,29516.38,29790.59,29400.0,29669.04,5817.88557,1697846399999,172110597.6728251,198667,2895.66004,85660040.4316188,1
2023-10-21 00:00:00+00:00,1697846400000,29669.05,29699.68,29464.77,29578.66,4039.22692,1697867999999,119452655.5926786,178944,2131.40825,63040990.0899941,0
2023-10-21 06:00:00+00:00,1697868000000,29578.65,29878.83,29578.65,29804.99,6018.24851,1697889599999,179029014.1432683,246842,2981.96676,88706763.0307263,1
2023-10-21 12:00:00+00:00,1697889600000,29804.99,30180.0,29678.69,30146.68,9273.08942,1697911199999,277229887.421845,361260,4674.88769,139796227.498622,1
2023-10-21 18:00:00+00:00,1697911200000,30146.67,30379.99,29850.0,29909.8,8186.95412,1697932799999,246252951.277571,365091,4047.86174,121779549.7228372,0
2023-10-22 00:00:00+00:00,1697932800000,29909.8,30248.0,29843.2,30114.51,6326.60754,1697954399999,189703782.1321764,240994,3229.31407,96827076.6836603,1
2023-10-22 06:00:00+00:00,1697954400000,30114.52,30215.09,29640.0,29909.67,7274.57994,1697975999999,217553412.3730909,334563,3344.59507,100011125.1211097,0
2023-10-22 12:00:00+00:00,1697976000000,29909.66,29974.46,29781.0,29914.51,4517.78269,1697997599999,135006368.8614875,210635,2208.82199,66005784.7980745,1
2023-10-22 18:00:00+00:00,1697997600000,29914.51,30051.79,29714.28,29992.46,4733.57546,1698019199999,141591264.5301775,222107,2378.73731,71167142.6286516,1
2023-10-23 00:00:00+00:00,1698019200000,29992.46,30943.15,29883.6,30788.62,18648.59676,1698040799999,568607502.77436,660132,9764.75356,297701235.0066522,1
2023-10-23 06:00:00+00:00,1698040800000,30788.62,30985.12,30355.06,30657.04,12674.92231,1698062399999,388080760.8745104,454761,5961.6725,182562891.0680808,0
2023-10-23 12:00:00+00:00,1698062400000,30657.04,31317.22,30395.01,30979.74,19180.69127,1698083999999,592487797.0036511,585174,9755.17215,301474873.3966627,1
2023-10-23 18:00:00+00:00,1698084000000,30979.74,34741.91,30777.0,33069.99,43009.43212,1698105599999,1392443962.212666,1139871,22357.63266,724076244.0963038,1
2023-10-24 00:00:00+00:00,1698105600000,33069.99,35280.0,32832.34,33901.12,43525.07093,1698127199999,1489825156.7461212,1162188,22035.04206,754361266.8701726,1
2023-10-24 06:00:00+00:00,1698127200000,33901.11,34876.4,33706.32,34542.91,25154.50466,1698148799999,860811176.0520585,615062,13142.26933,449835880.1361785,1
2023-10-24 12:00:00+00:00,1698148800000,34542.9,34835.74,33200.0,33786.34,32591.82262,1698170399999,1108901027.709554,716224,15403.26695,524066570.45406234,0
2023-10-24 18:00:00+00:00,1698170400000,33786.35,34250.0,33380.01,33922.73,13993.62597,1698191999999,473657507.6534627,356686,6828.74147,231185752.00537968,1
2023-10-25 00:00:00+00:00,1698192000000,33922.73,34399.82,33773.74,34011.61,10853.66553,1698213599999,369722938.6985011,320204,4919.72908,167657749.999242,1
2023-10-25 06:00:00+00:00,1698213600000,34011.6,34446.42,33679.05,34199.2,11894.63983,1698235199999,405426869.94147,395982,5190.02627,176918791.4236561,1
2023-10-25 12:00:00+00:00,1698235200000,34199.2,35132.85,34199.19,34660.15,22480.81635,1698256799999,778844894.5030258,627563,11443.03031,396548295.24583125,1
2023-10-25 18:00:00+00:00,1698256800000,34660.16,34850.23,34250.0,34496.05,9657.90358,1698278399999,334216122.46338594,300227,4597.71811,159111558.703897,0
2023-10-26 00:00:00+00:00,1698278400000,34496.05,34824.13,34421.98,34521.06,7193.92191,1698299999999,249423650.691493,256534,3273.35572,113496658.2877265,1
2023-10-26 06:00:00+00:00,1698300000000,34521.06,34784.61,33960.39,34102.66,13074.93209,1698321599999,450015537.8200419,421580,6202.44771,213575279.8388958,0
2023-10-26 12:00:00+00:00,1698321600000,34102.66,34370.0,33751.0,33943.13,13609.66428,1698343199999,463657981.62481713,497608,6202.372,211315619.8727092,0
2023-10-26 18:00:00+00:00,1698343200000,33943.12,34278.0,33905.24,34151.66,5866.14427,1698364799999,199980736.97276792,207063,2850.25518,97160300.4934867,1
2023-10-27 00:00:00+00:00,1698364800000,34151.66,34185.15,33780.0,34084.2,5682.28258,1698386399999,193350924.2438924,243121,2435.89277,82891396.8447623,0
2023-10-27 06:00:00+00:00,1698386400000,34084.21,34245.0,33921.84,34047.01,7207.20147,1698407999999,245572162.71934432,232222,2897.23461,98713949.0947331,0
2023-10-27 12:00:00+00:00,1698408000000,34047.0,34195.21,33390.95,33600.15,12980.195,1698429599999,440281256.8954676,436823,5811.49866,197142937.50991407,0
2023-10-27 18:00:00+00:00,1698429600000,33600.14,33941.11,33401.0,33892.02,6460.72201,1698451199999,217685079.56113768,200074,3165.69825,106657414.4749919,1
2023-10-28 00:00:00+00:00,1698451200000,33892.01,34185.0,33860.0,34086.22,3646.78709,1698472799999,124083057.1376156,143953,1866.54059,63505341.0001578,1
2023-10-28 06:00:00+00:00,1698472800000,34086.22,34493.33,34031.26,34175.84,5872.38452,1698494399999,200789944.6710353,181956,2864.0914,97958311.7768408,1
2023-10-28 12:00:00+00:00,1698494400000,34175.85,34239.7,33907.79,34134.09,5202.66349,1698515999999,177409942.5350944,183027,2561.50407,87345053.5459815,0
2023-10-28 18:00:00+00:00,1698516000000,34134.08,34219.58,34060.78,34081.0,2158.29634,1698537599999,73653579.0036077,98502,1021.17153,34847913.2633818,0
2023-10-29 00:00:00+00:00,1698537600000,34081.01,34099.62,33930.0,34032.35,2719.48801,1698559199999,92508668.0201576,120188,1172.11646,39871549.6861524,0
2023-10-29 06:00:00+00:00,1698559200000,34032.36,34321.89,34017.39,34253.81,3570.62181,1698580799999,122081378.6888435,148748,1775.80714,60712514.8260313,1
2023-10-29 12:00:00+00:00,1698580800000,34253.81,34744.38,34253.8,34562.41,8483.52956,1698602399999,292455625.7371446,256981,4367.00743,150559940.9034211,1
2023-10-29 18:00:00+00:00,1698602400000,34562.41,34750.11,34400.61,34525.89,5911.88238,1698623999999,204607312.73295072,191563,2739.02993,94789676.3812419,0
2023-10-30 00:00:00+00:00,1698624000000,34525.88,34570.51,34181.47,34250.99,5701.17255,1698645599999,195786596.69925433,191698,2612.15133,89694266.6408702,0
2023-10-30 06:00:00+00:00,1698645600000,34250.98,34679.81,34114.74,34608.51,8540.13939,1698667199999,293866201.7516787,291139,4068.36809,140052805.4636055,1
2023-10-30 12:00:00+00:00,1698667200000,34608.51,34856.0,34062.84,34307.78,14361.31291,1698688799999,496144648.8860456,433645,6476.01473,223804697.6124679,0
2023-10-30 18:00:00+00:00,1698688800000,34307.79,34569.68,34264.57,34474.73,5055.33491,1698710399999,173974460.3051268,201245,2081.03366,71610420.8201758,1
2023-10-31 00:00:00+00:00,1698710400000,34474.74,34600.0,34166.0,34282.21,7314.20971,1698731999999,251319480.93818352,239859,3223.41189,110739892.9657262,0
2023-10-31 06:00:00+00:00,1698732000000,34282.21,34535.75,34025.0,34488.27,8484.36457,1698753599999,291084318.5587276,315669,4269.87037,146502751.3990904,1
2023-10-31 12:00:00+00:00,1698753600000,34488.26,34514.0,34130.0,34381.03,9085.54343,1698775199999,311723429.0070718,357615,4206.55309,144321755.5044342,0
2023-10-31 18:00:00+00:00,1698775200000,34381.04,34720.49,34335.29,34639.77,7853.78051,1698796799999,271315215.9845053,265910,4143.95965,143158503.6275973,1
2023-11-01 00:00:00+00:00,1698796800000,34639.78,34668.05,34333.0,34348.39,5302.68708,1698818399999,182857821.377466,198976,2360.89587,81412254.9251027,0
2023-11-01 06:00:00+00:00,1698818400000,34348.4,34498.57,34316.0,34424.07,5012.70858,1698839999999,172532909.4728141,191358,2104.22731,72418946.324654,1
2023-11-01 12:00:00+00:00,1698840000000,34424.07,35200.0,34097.39,34510.28,23083.85221,1698861599999,797496341.8058915,620224,11052.82334,382045747.2760576,1
2023-11-01 18:00:00+00:00,1698861600000,34510.28,35582.0,34432.76,35421.43,20074.03378,1698883199999,703461747.823282,614077,10261.05638,359510942.9418522,1
2023-11-02 00:00:00+00:00,1698883200000,35421.43,35984.99,35152.0,35196.7,13092.55413,1698904799999,465470254.87681246,395113,6284.49619,223501004.7329944,0
2023-11-02 06:00:00+00:00,1698904800000,35196.69,35478.02,35063.25,35373.56,8751.14809,1698926399999,308798339.1747613,272873,4297.08173,151630178.6468839,1
2023-11-02 12:00:00+00:00,1698926400000,35373.56,35457.96,34300.0,34771.99,18132.89873,1698947999999,631436532.2596782,522302,8874.52404,309032409.24967355,0
2023-11-02 18:00:00+00:00,1698948000000,34772.0,35097.19,34706.51,34941.59,8038.97637,1698969599999,280436571.780919,260549,3847.25154,134202126.3253793,1
2023-11-03 00:00:00+00:00,1698969600000,34941.58,34946.5,34310.0,34540.72,9149.26252,1698991199999,316200957.5582876,299345,4254.39761,147009293.7813048,0
2023-11-03 06:00:00+00:00,1698991200000,34540.72,34626.12,34120.0,34252.4,11355.03998,1699012799999,389922325.7885117,330138,5932.6462,203702007.4771122,0
2023-11-03 12:00:00+00:00,1699012800000,34252.39,34848.79,34150.68,34425.2,12823.85341,1699034399999,443293445.2562853,394249,6281.30861,217112285.42560712,1
2023-11-03 18:00:00+00:00,1699034400000,34425.21,34740.0,34351.18,34716.78,5743.05053,1699055999999,198546102.96277767,213641,2700.50427,93352581.0909105,1
2023-11-04 00:00:00+00:00,1699056000000,34716.78,34786.68,34585.18,34760.0,3571.28849,1699077599999,123881242.8388014,175411,1698.28738,58911930.7093909,1
2023-11-04 06:00:00+00:00,1699077600000,34759.99,35000.0,34680.13,34712.37,5692.66714,1699099199999,198168825.44655207,239108,2841.76168,98938381.3865693,0
2023-11-04 12:00:00+00:00,1699099200000,34712.37,34803.97,34644.0,34761.17,3551.87929,1699120799999,123327323.5120565,175527,1727.304,59973642.2864666,1
2023-11-04 18:00:00+00:00,1699120800000,34761.16,35255.0,34708.54,35062.07,5561.72053,1699142399999,194581206.6224253,204741,2961.81343,103655800.5348666,1
2023-11-05 00:00:00+00:00,1699142400000,35062.06,35305.75,34935.0,35163.98,5757.57985,1699163999999,202156042.9620938,236221,2948.70346,103548969.2956041,1
2023-11-05 06:00:00+00:00,1699164000000,35163.99,35188.68,35000.2,35085.98,5066.75671,1699185599999,177839375.0542893,202298,2191.51216,76918026.5922294,0
2023-11-05 12:00:00+00:00,1699185600000,35085.97,35278.54,34757.47,35066.92,6596.69994,1699207199999,230902449.7239612,305557,3271.48049,114515297.1590341,0
2023-11-05 18:00:00+00:00,1699207200000,35066.91,35380.0,34448.0,35011.88,7107.69726,1699228799999,248453106.261145,294392,3458.63582,120929782.8531351,0
2023-11-06 00:00:00+00:00,1699228800000,35011.89,35118.71,34725.9,34808.17,5752.82431,1699250399999,200867061.5373794,238651,2671.42144,93277455.2875417,0
2023-11-06 06:00:00+00:00,1699250400000,34808.17,35276.33,34762.28,35232.45,5235.60096,1699271999999,183518791.05351967,235570,2665.52395,93443073.2745602,1
2023-11-06 12:00:00+00:00,1699272000000,35232.45,35250.0,34900.43,34981.66,7248.14133,1699293599999,254231056.183109,312405,3487.37359,122317342.3057878,0
2023-11-06 18:00:00+00:00,1699293600000,34981.67,35150.0,34810.64,35046.09,4109.90426,1699315199999,143810793.4913124,201620,1945.95829,68088410.2852009,1
2023-11-07 00:00:00+00:00,1699315200000,35046.09,35053.41,34790.64,34913.02,4795.93907,1699336799999,167339715.6880457,224377,2209.13376,77080487.605088,0
2023-11-07 06:00:00+00:00,1699336800000,34913.02,34975.9,34551.0,34627.83,7027.95619,1699358399999,244386559.7314003,287067,3187.63675,110849195.6222628,0
2023-11-07 12:00:00+00:00,1699358400000,34627.83,34859.0,34523.06,34850.0,7210.5885,1699379999999,250313284.1195856,298363,3595.71258,124834452.603521,1
2023-11-07 18:00:00+00:00,1699380000000,34850.0,35888.0,34839.19,35399.12,19654.25316,1699401599999,695991801.6588211,542989,10382.78559,367617873.82906973,1
2023-11-08 00:00:00+00:00,1699401600000,35399.13,35419.29,35231.02,35259.19,4047.89832,1699423199999,142974563.7965979,159147,1836.19976,64860093.4297868,0
2023-11-08 06:00:00+00:00,1699423200000,35259.18,35437.09,35167.78,35330.79,6081.97109,1699444799999,214710870.8855261,208736,3248.44224,114688437.473779,1
2023-11-08 12:00:00+00:00,1699444800000,35330.8,35479.45,35100.0,35313.72,7610.65677,1699466399999,268738351.5556062,270837,4040.43309,142683967.6830683,0
2023-11-08 18:00:00+00:00,1699466400000,35313.72,36106.0,35288.2,35624.72,15660.81519,1699487999999,559068374.2549976,493848,8067.74941,288082136.7932556,1
2023-11-09 00:00:00+00:00,1699488000000,35624.72,36863.91,35534.05,36576.84,17529.26568,1699509599999,636455767.0261672,511068,8990.02887,326440649.4857274,1
2023-11-09 06:00:00+00:00,1699509600000,36576.84,36990.0,36500.0,36805.71,11794.0915,1699531199999,433031719.82596177,295025,5770.97629,211930820.2140529,1
2023-11-09 12:00:00+00:00,1699531200000,36805.71,37972.24,35600.0,36625.27,41866.23556,1699552799999,1549946689.574671,960686,21357.74349,791618055.6814576,0
2023-11-09 18:00:00+00:00,1699552800000,36625.28,36784.57,36139.57,36701.09,11348.29611,1699574399999,413983746.3558817,371986,6038.06371,220265455.6639498,1
2023-11-10 00:00:00+00:00,1699574400000,36701.1,36919.06,36446.2,36754.5,8427.57992,1699595999999,309309895.39955914,284704,4575.20541,167928399.3982296,1
2023-11-10 06:00:00+00:00,1699596000000,36754.5,37147.2,36324.71,37071.09,11138.87925,1699617599999,408472822.04956895,329168,5410.02711,198490192.89342448,1
2023-11-10 12:00:00+00:00,1699617600000,37071.1,37455.0,36822.0,37200.47,15308.58438,1699639199999,568856464.6573321,429735,7449.56221,276804029.4619676,1
2023-11-10 18:00:00+00:00,1699639200000,37200.46,37526.0,37070.19,37301.63,8539.00543,1699660799999,318429992.417643,254122,3953.77406,147449197.0147453,1
2023-11-11 00:00:00+00:00,1699660800000,37301.63,37408.26,36900.1,37074.64,7133.3973,1699682399999,264769901.4903816,256556,3175.7371,117884996.7873904,0
2023-11-11 06:00:00+00:00,1699682400000,37074.64,37134.85,36910.0,36988.52,4327.61587,1699703999999,160155998.0634514,181683,2065.33641,76432044.7026163,0
2023-11-11 12:00:00+00:00,1699704000000,36988.51,37274.3,36951.1,37109.99,6015.53141,1699725599999,223336068.53227207,251338,2888.25702,107228958.8099913,1
2023-11-11 18:00:00+00:00,1699725600000,37109.99,37175.0,36666.93,37130.0,5508.42777,1699747199999,203662644.6478376,233723,2599.32739,96127179.3679217,1
2023-11-12 00:00:00+00:00,1699747200000,37129.99,37180.0,36731.1,37108.05,4734.5694,1699768799999,175015954.3283953,216729,2300.56131,85036508.6287989,0
2023-11-12 06:00:00+00:00,1699768800000,37108.06,37171.1,37026.69,37055.5,4453.30787,1699790399999,165222595.3812034,203005,2063.93861,76571044.4590532,0
2023-11-12 12:00:00+00:00,1699790400000,37055.49,37222.22,36931.1,37076.68,4881.89156,1699811999999,181104519.03927833,223382,2387.20526,88565722.19878,1
2023-11-12 18:00:00+00:00,1699812000000,37076.68,37202.09,36938.23,37064.13,3617.41991,1699833599999,134227744.3893941,167769,1754.75533,65112092.2581159,0
2023-11-13 00:00:00+00:00,1699833600000,37064.13,37417.99,36812.39,36916.94,7624.10491,1699855199999,282637837.83464,283768,3717.72417,137840032.9512458,0
2023-11-13 06:00:00+00:00,1699855200000,36916.93,37050.0,36692.58,36810.02,6469.32476,1699876799999,238828421.6833638,234679,3040.78987,112271526.7037551,0
2023-11-13 12:00:00+00:00,1699876800000,36810.02,37031.45,36534.04,36670.09,10422.03504,1699898399999,383455567.8303754,390198,4885.88889,179789935.3998501,0
2023-11-13 18:00:00+00:00,1699898400000,36670.09,36875.0,36333.0,36462.93,8282.71781,1699919999999,303115634.9557652,308546,3798.04219,139015099.8564664,0
2023-11-14 00:00:00+00:00,1699920000000,36462.93,36630.0,36190.17,36627.79,5959.44631,1699941599999,216891153.8960266,222674,2784.23231,101356629.0464498,1
2023-11-14 06:00:00+00:00,1699941600000,36627.78,36744.0,36236.36,36259.18,7447.3917,1699963199999,272082795.1159034,252593,3266.56022,119324761.7172839,0
2023-11-14 12:00:00+00:00,1699963200000,36259.17,36693.01,35889.0,36091.09,13803.5989,1699984799999,501425750.3356927,441923,6664.72612,242155604.6051654,0
2023-11-14 18:00:00+00:00,1699984800000,36091.1,36125.74,34800.0,35551.19,18293.24725,1700006399999,648731085.7391874,487238,8489.6675,301004647.51197886,0
2023-11-15 00:00:00+00:00,1700006400000,35551.2,35665.45,35360.0,35600.0,6477.7112,1700027999999,229834392.21149,183355,3207.03945,113786287.131726,1
2023-11-15 06:00:00+00:00,1700028000000,35600.01,36278.62,35522.46,36240.94,9205.39543,1700049599999,329954831.3938364,262063,4817.76412,172718443.5307196,1
2023-11-15 12:00:00+00:00,1700049600000,36240.95,36554.99,36002.35,36491.04,11605.52811,1700071199999,420731306.1148413,350403,6144.33446,222773904.90291888,1
2023-11-15 18:00:00+00:00,1700071200000,36491.05,37980.0,36450.0,37858.2,26280.49911,1700092799999,982729126.7893059,749606,13973.00437,522390866.4280563,1
2023-11-16 00:00:00+00:00,1700092800000,37858.2,37929.54,37307.55,37455.32,7785.33123,1700114399999,292561755.4940262,280554,3515.71069,132092374.8468777,0
2023-11-16 06:00:00+00:00,1700114400000,37455.33,37621.1,37121.09,37247.48,7801.82928,1700135999999,291644550.692127,307183,3723.78233,139221594.2059007,0
2023-11-16 12:00:00+00:00,1700136000000,37247.49,37319.99,36256.15,36313.27,16187.63117,1700157599999,594728346.8151937,497700,7538.34324,277003581.90761167,0
2023-11-16 18:00:00+00:00,1700157600000,36313.28,36398.61,35500.0,36163.51,15715.60398,1700179199999,565568686.0138258,457009,7436.21302,267615004.17273673,0
2023-11-17 00:00:00+00:00,1700179200000,36163.51,36673.69,36101.44,36355.57,8557.42604,1700200799999,311343763.6771423,259135,3986.55473,145041388.6922471,1
2023-11-17 06:00:00+00:00,1700200800000,36355.57,36464.0,36121.0,36372.83,7583.97825,1700222399999,275471009.27603805,266440,3601.03513,130803279.3339773,1
2023-11-17 12:00:00+00:00,1700222400000,36372.82,36800.0,35861.1,36499.99,15502.92113,1700243999999,562348676.902018,575523,7540.81725,273612025.3326023,1
2023-11-17 18:00:00+00:00,1700244000000,36500.0,36723.59,36227.87,36613.92,6639.2857,1700265599999,242061601.33712888,248224,3274.957,119409189.7829198,1
2023-11-18 00:00:00+00:00,1700265600000,36613.91,36613.92,36303.98,36334.0,3307.13123,1700287199999,120455502.2600785,160904,1516.4022,55227068.6041469,0
2023-11-18 06:00:00+00:00,1700287200000,36334.01,36538.61,36178.58,36402.8,3956.73847,1700308799999,143969169.5372126,177865,1931.8851,70299034.05822,1
2023-11-18 12:00:00+00:00,1700308800000,36402.79,36845.49,36347.69,36620.0,6248.09445,1700330399999,228609061.9293487,256546,3063.62429,112093204.4048346,1
2023-11-18 18:00:00+00:00,1700330400000,36620.01,36768.0,36443.1,36568.1,3590.27771,1700351999999,131400335.7990236,189183,1589.63597,58175798.3628308,0
2023-11-19 00:00:00+00:00,1700352000000,36568.11,36573.44,36388.27,36510.96,2736.47151,1700373599999,99840652.896556,142359,1278.63243,46645492.1004365,0
2023-11-19 06:00:00+00:00,1700373600000,36510.95,36716.0,36384.02,36453.62,4011.75531,1700395199999,146680409.5307049,197364,2017.13001,73753656.0154236,0
2023-11-19 12:00:00+00:00,1700395200000,36453.63,36640.0,36385.7,36603.04,3765.80434,1700416799999,137460633.3325355,185123,1782.00415,65047168.75942,1
2023-11-19 18:00:00+00:00,1700416800000,36603.04,37500.0,36597.49,37359.86,10732.31532,1700438399999,397550143.6773628,337554,5497.48634,203643551.93106192,1
2023-11-20 00:00:00+00:00,1700438400000,37359.85,37382.68,37038.3,37132.88,5592.13523,1700459999999,208103579.020858,227626,2485.25948,92484735.2440377,0
2023-11-20 06:00:00+00:00,1700460000000,37132.88,37420.0,37060.4,37147.5,6503.33724,1700481599999,241901722.8817342,263619,3210.52177,119425418.9578633,1
2023-11-20 12:00:00+00:00,1700481600000,37147.51,37750.0,36677.0,37576.66,16117.27671,1700503199999,600802730.3192492,598073,8251.11654,307648519.54363,1
2023-11-20 18:00:00+00:00,1700503200000,37576.65,37746.0,37271.1,37448.78,7809.95373,1700524799999,292914610.1646337,395732,3644.32873,136687309.9941873,0
2023-11-21 00:00:00+00:00,1700524800000,37448.79,37649.44,37304.72,37355.89,4885.85942,1700546399999,183039589.84900233,249427,2254.5704,84474186.8781354,0
2023-11-21 06:00:00+00:00,1700546400000,37355.9,37418.0,37150.0,37174.97,4282.20278,1700567999999,159789127.2898865,201677,1917.3645,71548640.2379642,0
2023-11-21 12:00:00+00:00,1700568000000,37174.97,37500.0,36250.0,36901.99,23220.57322,1700589599999,855820626.0240638,817326,11098.27596,409028765.7100638,0
2023-11-21 18:00:00+00:00,1700589600000,36901.99,37170.0,35735.0,35741.65,15257.91262,1700611199999,558098152.8189019,668465,7101.20982,259868416.7316966,0
2023-11-22 00:00:00+00:00,1700611200000,35741.65,36479.84,35632.01,36358.99,10672.22442,1700632799999,386011170.25001025,343280,6125.36779,221586615.56702232,1
2023-11-22 06:00:00+00:00,1700632800000,36358.99,36773.53,36358.99,36463.93,6697.39942,1700654399999,244799289.0029172,298188,3388.46454,123856968.9007619,1
2023-11-22 12:00:00+00:00,1700654400000,36463.94,36650.0,36239.2,36586.75,9119.22699,1700675999999,332762642.8956298,409432,4431.14767,161701778.3251811,1
2023-11-22 18:00:00+00:00,1700676000000,36586.76,37861.1,36562.57,37408.34,18562.45614,1700697599999,693567920.2787908,597474,9101.73174,340000105.5329883,1
2023-11-23 00:00:00+00:00,1700697600000,37408.35,37535.1,37240.0,37323.11,5387.47211,1700719199999,201317277.08935887,222442,2527.94628,94473027.359477,0
2023-11-23 06:00:00+00:00,1700719200000,37323.11,37653.44,37159.95,37370.0,7000.66306,1700740799999,261795699.3490534,248245,3025.71981,113174945.1332339,1
2023-11-23 12:00:00+00:00,1700740800000,37370.0,37530.0,36870.0,37169.78,7778.24782,1700762399999,289178116.6838346,326247,3819.05548,141994745.5510851,0
2023-11-23 18:00:00+00:00,1700762400000,37169.77,37385.0,37163.55,37294.28,3661.54583,1700783999999,136535555.7319004,195350,1713.62975,63896625.9010245,1
2023-11-24 00:00:00+00:00,1700784000000,37294.27,37494.57,37251.51,37425.64,3343.67733,1700805599999,124976253.7307245,171818,1630.96714,60967980.2234995,1
2023-11-24 06:00:00+00:00,1700805600000,37425.65,38035.46,37356.01,37741.99,12937.24997,1700827199999,487563100.9784224,386433,6787.57889,255907547.6951336,1
2023-11-24 12:00:00+00:00,1700827200000,37741.99,38414.0,37550.32,37850.0,21973.86283,1700848799999,833581655.6957722,576318,10962.90374,415893777.42175984,1
2023-11-24 18:00:00+00:00,1700848800000,37850.0,37943.6,37570.52,37713.57,6426.01633,1700870399999,242594717.67422912,244845,2967.72259,112033776.2917895,0
2023-11-25 00:00:00+00:00,1700870400000,37713.57,37839.44,37676.03,37812.77,3091.0862,1700891999999,116734734.8367803,148241,1466.33563,55369305.3541318,1
2023-11-25 06:00:00+00:00,1700892000000,37812.77,37828.93,37591.1,37652.51,3069.28805,1700913599999,115778856.088036,157290,1357.8262,51218825.5041578,0
2023-11-25 12:00:00+00:00,1700913600000,37652.51,37796.79,37620.0,37765.37,2571.82016,1700935199999,96972934.16957,140338,1118.65803,42177149.7401904,1
2023-11-25 18:00:00+00:00,1700935200000,37765.37,37888.0,37711.76,37780.67,2663.95023,1700956799999,100678726.6665886,123579,1211.0913,45770940.6866141,1
2023-11-26 00:00:00+00:00,1700956800000,37780.67,37784.63,37662.18,37773.21,1927.8435,1700978399999,72737314.5090105,113157,873.33595,32949855.5432721,0
2023-11-26 06:00:00+00:00,1700978400000,37773.22,37814.63,37666.8,37679.31,2504.71639,1700999999999,94541203.8551771,132624,1161.64518,43847316.9746355,0
2023-11-26 12:00:00+00:00,1701000000000,37679.3,37679.31,37150.0,37275.22,10872.99546,1701021599999,406726736.4893143,367004,5107.3278,191021870.7922663,0
2023-11-26 18:00:00+00:00,1701021600000,37275.21,37748.0,37163.72,37447.43,5958.98188,1701043199999,223315938.7358972,235235,3062.20748,114752230.7359043,1
2023-11-27 00:00:00+00:00,1701043200000,37447.42,37569.23,37200.0,37306.32,4131.52544,1701064799999,154404545.8594669,203172,1880.79989,70284166.3945715,0
2023-11-27 06:00:00+00:00,1701064800000,37306.32,37466.0,36900.0,37035.95,8624.05643,1701086399999,320844334.9249324,338429,4001.1773,148876592.43239,0
2023-11-27 12:00:00+00:00,1701086400000,37035.95,37143.43,36707.0,36923.62,11483.59806,1701107999999,424129480.6207452,419738,5820.86555,214992352.55724207,0
2023-11-27 18:00:00+00:00,1701108000000,36923.62,37284.0,36787.92,37242.7,5761.89383,1701129599999,213179073.8716477,276678,2755.79548,101975984.1826406,1
2023-11-28 00:00:00+00:00,1701129600000,37242.7,37343.57,36868.41,36913.76,4629.70212,1701151199999,171791682.8820496,206373,1988.24395,73784288.3392773,0
2023-11-28 06:00:00+00:00,1701151200000,36913.75,37262.02,36893.08,37251.42,5281.47719,1701172799999,195762278.6670513,241159,2610.95842,96788038.5986445,1
2023-11-28 12:00:00+00:00,1701172800000,37251.43,38240.0,37142.81,38210.75,13789.13765,1701194399999,519959106.8969489,468790,7243.96904,273206078.95676833,1
2023-11-28 18:00:00+00:00,1701194400000,38210.75,38377.0,37670.97,37818.87,13844.14971,1701215999999,526847183.2362958,356457,6325.39057,240735865.0441816,0
2023-11-29 00:00:00+00:00,1701216000000,37818.88,38093.72,37677.96,38035.73,6125.97289,1701237599999,232295484.82410288,190839,2781.74655,105484254.3531206,1
2023-11-29 06:00:00+00:00,1701237600000,38035.72,38450.0,37878.17,38104.65,10758.68137,1701259199999,410451887.1959768,334218,5299.92048,202240771.5092798,1
2023-11-29 12:00:00+00:00,1701259200000,38104.65,38280.0,37570.0,37777.01,10953.23197,1701280799999,415099176.69750607,384432,5009.51285,189857781.92369753,0
2023-11-29 18:00:00+00:00,1701280800000,37777.0,37932.77,37580.85,37854.64,5156.30484,1701302399999,194739956.9450043,221864,2497.78485,94335147.6882989,1
2023-11-30 00:00:00+00:00,1701302400000,37854.65,38145.85,37686.84,37885.63,5529.73682,1701323999999,209663494.6112938,225058,2587.79048,98105031.3154457,1
2023-11-30 06:00:00+00:00,1701324000000,37885.63,37950.0,37553.6,37885.15,6784.76059,1701345599999,256196849.5537024,261311,2959.32551,111739866.255901,0
2023-11-30 12:00:00+00:00,1701345600000,37885.15,37966.94,37500.0,37740.86,8913.787,1701367199999,336118384.8765116,348621,4296.1338,162006483.2661093,0
2023-11-30 18:00:00+00:00,1701367200000,37740.86,37809.99,37604.0,37723.96,3512.00706,1701388799999,132512329.9193063,172801,1641.20445,61921341.6671074,0
2023-12-01 00:00:00+00:00,1701388800000,37723.97,38243.3,37615.86,38120.84,8462.5212,1701410399999,321551507.05291927,298302,4262.69408,161962572.1420471,1
2023-12-01 06:00:00+00:00,1701410400000,38120.84,38833.0,38070.1,38580.17,14837.90976,1701431999999,571036425.7384902,442773,7961.49934,306479977.3660413,1
2023-12-01 12:00:00+00:00,1701432000000,38580.17,38999.0,38219.0,38799.01,13378.88492,1701453599999,516023146.0233925,484428,6756.96648,260668872.12641647,1
2023-12-01 18:00:00+00:00,1701453600000,38799.02,38920.0,38625.61,38682.52,6736.34736,1701475199999,261139698.8091794,297914,3427.11311,132865998.5286903,0
2023-12-02 00:00:00+00:00,1701475200000,38682.51,38821.59,38641.61,38750.01,3266.6661,1701496799999,126552139.1916506,177363,1530.88676,59304013.2512933,1
2023-12-02 06:00:00+00:00,1701496800000,38750.01,38826.94,38651.1,38740.16,3150.51564,1701518399999,122061809.2009454,185624,1352.42973,52394704.2964271,0
2023-12-02 12:00:00+00:00,1701518400000,38740.17,38869.36,38703.44,38795.09,4470.12471,1701539999999,173339084.9309381,211491,2173.79445,84296618.7386043,1
2023-12-02 18:00:00+00:00,1701540000000,38795.09,39717.14,38775.0,39450.35,15809.61516,1701561599999,621468943.4425311,460212,8109.54292,318768351.2882762,1
2023-12-03 00:00:00+00:00,1701561600000,39450.35,39555.53,39274.86,39422.78,4322.50103,1701583199999,170427235.6342338,177634,1938.32067,76420103.7410434,0
2023-12-03 06:00:00+00:00,1701583200000,39422.78,39544.0,39369.23,39479.7,3187.00702,1701604799999,125741971.3807984,186227,1507.18578,59466623.5274495,1
2023-12-03 12:00:00+00:00,1701604800000,39479.69,39841.1,39381.34,39526.7,8533.10262,1701626399999,338121605.7482144,420678,4259.49577,168783812.3527065,1
2023-12-03 18:00:00+00:00,1701626400000,39526.7,40250.0,39430.01,39972.26,10668.04268,1701647999999,425569828.2861978,366985,5628.2941,224588687.5463098,1
2023-12-04 00:00:00+00:00,1701648000000,39972.26,41531.0,39972.26,41500.0,20142.84699,1701669599999,820840676.2740381,555398,10758.82122,438634162.37337106,1
2023-12-04 06:00:00+00:00,1701669600000,41500.01,42154.83,41308.41,41596.01,25556.3178,1701691199999,1064192181.775417,636389,11483.53469,478456751.9177036,1
2023-12-04 12:00:00+00:00,1701691200000,41596.01,41914.16,41144.87,41614.66,19084.96875,1701712799999,793220677.3819329,506124,8688.7252,361197914.29607534,1
2023-12-04 18:00:00+00:00,1701712800000,41614.65,42420.0,41513.33,41991.1,14488.19705,1701734399999,607483308.7094929,414308,7664.53794,321422033.5000267,1
2023-12-05 00:00:00+00:00,1701734400000,41991.1,41991.1,41622.21,41911.09,7239.75913,1701755999999,302534180.6570376,350664,3585.48198,149825542.3850117,0
2023-12-05 06:00:00+00:00,1701756000000,41911.1,41919.08,41414.0,41726.09,10113.80607,1701777599999,420894254.9293508,387963,4478.73606,186434786.23464513,0
2023-12-05 12:00:00+00:00,1701777600000,41726.09,43990.0,41694.0,43377.87,27589.48078,1701799199999,1177355531.4659624,735030,15282.14535,652230849.1258472,1
2023-12-05 18:00:00+00:00,1701799200000,43377.87,44488.0,43316.0,44073.32,22547.70046,1701820799999,989421422.4377759,599043,11469.44474,503322669.49346405,1
2023-12-06 00:00:00+00:00,1701820800000,44073.82,44146.08,43545.03,43676.33,11538.74578,1701842399999,505900208.4750737,426750,5636.54047,247116614.5398583,0
2023-12-06 06:00:00+00:00,1701842400000,43676.33,44297.21,43335.28,43839.21,15727.6706,1701863999999,688875913.1930326,589807,7819.79578,342602579.3713511,1
2023-12-06 12:00:00+00:00,1701864000000,43839.22,44279.98,43721.73,43961.12,15972.79404,1701885599999,702878150.8670787,565401,7846.13007,345272382.81504834,1
2023-12-06 18:00:00+00:00,1701885600000,43961.13,44120.0,43600.78,43762.69,8191.8945,1701907199999,359325233.05961967,294324,3790.1586,166281786.3601719,0
2023-12-07 00:00:00+00:00,1701907200000,43762.69,44047.33,43710.0,44007.25,4931.67413,1701928799999,216662613.4965174,203107,2346.47847,103093802.8407601,1
2023-12-07 06:00:00+00:00,1701928800000,44007.24,44030.01,42821.1,43188.03,16236.23156,1701950399999,705291552.2934073,465670,7383.24807,320622678.51402766,0
2023-12-07 12:00:00+00:00,1701950400000,43188.03,43925.0,42955.0,43419.02,15667.29687,1701971999999,680698527.1466186,455872,7753.53141,336971331.2223688,1
2023-12-07 18:00:00+00:00,1701972000000,43419.03,43457.65,43058.42,43273.14,10268.06589,1701993599999,444293158.9471013,290110,5152.41877,222941963.9167048,0
2023-12-08 00:00:00+00:00,1701993600000,43273.15,43550.0,43261.1,43421.9,6948.37598,1702015199999,301688315.9322197,204399,3474.60504,150868491.6441267,1
2023-12-08 06:00:00+00:00,1702015200000,43421.91,43729.73,43081.1,43653.82,11247.58976,1702036799999,487121585.9727317,298384,5322.18647,230532914.04336473,1
2023-12-08 12:00:00+00:00,1702036800000,43653.82,44030.16,43453.02,43735.82,13272.59991,1702058399999,580910755.571042,462687,6356.31139,278180411.5908959,1
2023-12-08 18:00:00+00:00,1702058400000,43735.82,44700.0,43735.0,44170.99,11431.80991,1702079999999,505861097.9709172,345798,5665.57571,250775445.61568567,1
2023-12-09 00:00:00+00:00,1702080000000,44171.0,44358.02,44043.61,44274.99,5214.40299,1702101599999,230418171.9360636,201075,2524.23415,111547608.0681027,1
2023-12-09 06:00:00+00:00,1702101600000,44275.0,44332.64,43720.0,43817.35,7831.99379,1702123199999,344494306.617122,292794,3661.84059,161060037.038249,0
2023-12-09 12:00:00+00:00,1702123200000,43817.35,44136.52,43741.52,43891.46,6900.90705,1702144799999,303293117.325252,285973,3312.67285,145588835.1494678,1
2023-12-09 18:00:00+00:00,1702144800000,43891.46,44084.55,43584.51,43713.6,4978.66625,1702166399999,218281510.6863962,207510,2099.26015,92059513.6122664,0
2023-12-10 00:00:00+00:00,1702166400000,43713.59,43965.0,43672.0,43884.4,3399.27085,1702187999999,148914258.1832439,149685,1694.39009,74227904.4141078,1
2023-12-10 06:00:00+00:00,1702188000000,43884.4,44049.0,43603.88,43738.02,5025.1281,1702209599999,220016171.1821652,239583,2246.24472,98349152.0404469,0
2023-12-10 12:00:00+00:00,1702209600000,43738.03,43973.76,43731.84,43821.09,4554.2089,1702231199999,199647696.82714072,233527,1988.32522,87168185.0658359,1
2023-12-10 18:00:00+00:00,1702231200000,43821.08,44046.0,43563.0,43789.51,5978.00973,1702252799999,261907036.3644037,207872,2912.9464,127630833.8620937,0
2023-12-11 00:00:00+00:00,1702252800000,43789.5,43804.5,40400.0,42053.41,24487.71147,1702274399999,1036797416.0955667,666143,11215.97873,474449068.8951239,0
2023-12-11 06:00:00+00:00,1702274400000,42053.41,42481.1,41716.68,42344.01,14364.24562,1702295999999,606064005.1400498,446465,7253.11887,306062138.8639404,1
2023-12-11 12:00:00+00:00,1702296000000,42344.01,42390.32,41291.1,41347.83,17570.27747,1702317599999,735200070.8234084,472240,8328.93931,348463881.4190752,0
2023-12-11 18:00:00+00:00,1702317600000,41347.83,41349.97,40222.0,41253.4,20241.66348,1702339199999,827479343.4524089,502294,9701.20578,396667788.9739639,0
2023-12-12 00:00:00+00:00,1702339200000,41253.41,41938.8,41178.28,41565.99,9186.78877,1702360799999,382703293.4806519,334996,4729.62262,197042850.9412928,1
2023-12-12 06:00:00+00:00,1702360800000,41566.0,42104.12,41401.92,41584.57,10090.20928,1702382399999,421761410.49272233,355988,4930.9796,206129230.4299453,1
2023-12-12 12:00:00+00:00,1702382400000,41584.58,42070.23,40700.0,40702.99,14740.80922,1702403999999,610541661.9123356,518547,7005.71333,290260833.9548653,0
2023-12-12 18:00:00+00:00,1702404000000,40702.99,41555.0,40680.0,41492.39,8704.89046,1702425599999,358954918.4518538,316880,4728.59603,195005413.5654312,1
2023-12-13 00:00:00+00:00,1702425600000,41492.38,41506.0,40555.0,41019.66,9483.6716,1702447199999,388945940.0842768,318387,4489.91459,184095657.27585113,0
2023-12-13 06:00:00+00:00,1702447200000,41019.65,41280.0,40800.0,41004.69,6717.20194,1702468799999,276193384.44827473,301063,3084.44636,126840496.5416355,0
2023-12-13 12:00:00+00:00,1702468800000,41004.69,42215.63,40984.0,42118.6,13344.66284,1702490399999,556550967.8008287,584279,6826.88417,284676254.7264097,1
2023-12-13 18:00:00+00:00,1702490400000,42118.6,43475.2,41988.2,42869.03,16320.46135,1702511999999,698013097.1515003,520930,7953.72874,340173057.4786894,1
2023-12-14 00:00:00+00:00,1702512000000,42869.03,42948.55,42648.95,42808.48,6918.46941,1702533599999,295911967.7352103,256601,3181.07363,136068549.1273922,0
2023-12-14 06:00:00+00:00,1702533600000,42808.48,43311.1,42685.2,43267.06,8082.68663,1702555199999,347228000.0847531,364108,3954.46035,169895069.6322537,1
2023-12-14 12:00:00+00:00,1702555200000,43267.07,43420.0,41400.0,43202.18,19445.29261,1702576799999,828756941.435081,701705,9868.28248,420640385.2624129,0
2023-12-14 18:00:00+00:00,1702576800000,43202.17,43208.68,42806.61,43022.26,7600.60844,1702598399999,326843716.0466156,277122,3575.97697,153752338.359453,0
2023-12-15 00:00:00+00:00,1702598400000,43022.26,43080.81,42479.14,42592.63,6622.30089,1702619999999,283607035.8387273,280195,2926.38532,125324985.9268867,0
2023-12-15 06:00:00+00:00,1702620000000,42592.62,43026.33,42515.94,42776.03,6838.54931,1702641599999,292434342.2001706,303764,3488.07295,149182246.6383081,1
2023-12-15 12:00:00+00:00,1702641600000,42776.04,42787.24,41666.0,41855.06,13485.21171,1702663199999,568414541.4975572,490720,6756.73287,284704775.1144466,0
2023-12-15 18:00:00+00:00,1702663200000,41855.05,42264.03,41832.28,41940.3,6475.73129,1702684799999,272443018.9735238,248949,3149.9454,132501297.0689474,1
2023-12-16 00:00:00+00:00,1702684800000,41940.29,42410.99,41605.0,42266.09,5693.22233,1702706399999,239719697.3779134,230764,2880.37615,121300250.3783337,1
2023-12-16 06:00:00+00:00,1702706400000,42266.09,42339.55,42097.18,42331.99,4510.83727,1702727999999,190476032.7195316,246094,2407.41519,101658239.9881688,1
2023-12-16 12:00:00+00:00,1702728000000,42332.0,42724.43,42243.0,42506.89,7047.41132,1702749599999,299295723.42007446,380550,3493.26925,148359037.6659592,1
2023-12-16 18:00:00+00:00,1702749600000,42506.88,42520.01,42118.45,42278.03,6867.38655,1702771199999,290978174.3682136,323478,3412.44452,144591912.8776312,0
2023-12-17 00:00:00+00:00,1702771200000,42278.02,42298.82,41771.62,41902.7,4985.33203,1702792799999,209460931.44098848,261280,2285.7463,96044048.8287442,0
2023-12-17 06:00:00+00:00,1702792800000,41902.7,42038.0,41661.36,41960.07,5709.68307,1702814399999,239225340.80434513,291098,2744.61608,114998445.4169975,1
2023-12-17 12:00:00+00:00,1702814400000,41960.07,42424.07,41510.0,42091.37,9477.23748,1702835999999,397683381.6351599,398617,4737.91096,198846514.1069504,1
2023-12-17 18:00:00+00:00,1702836000000,42091.38,42237.48,41252.0,41374.65,7549.86194,1702857599999,315593989.08230287,276639,3477.5907,145420251.7752489,0
2023-12-18 00:00:00+00:00,1702857600000,41374.64,41470.1,40801.0,41004.18,10431.65587,1702879199999,428949128.19193506,366212,4808.88941,197764965.5287529,0
2023-12-18 06:00:00+00:00,1702879200000,41004.19,41312.39,40542.93,41105.12,12666.31758,1702900799999,519405461.4428647,467830,6344.64175,260306605.9985499,1
2023-12-18 12:00:00+00:00,1702900800000,41105.12,41750.0,40888.0,41385.01,12232.08867,1702922399999,505828056.01112336,468766,6345.56137,262431313.42031112,1
2023-12-18 18:00:00+00:00,1702922400000,41385.01,42757.81,41335.83,42657.8,11404.03038,1702943999999,481820660.4366495,438839,5756.70618,243272534.6255359,1
2023-12-19 00:00:00+00:00,1702944000000,42657.8,43497.0,42567.69,42958.78,11795.04605,1702965599999,506828199.1026527,396657,6085.92671,261534668.00393167,1
2023-12-19 06:00:00+00:00,1702965600000,42958.79,43268.74,42815.27,42976.11,8813.34706,1702987199999,379509806.5830763,357457,4048.01317,174318386.0364234,1
2023-12-19 12:00:00+00:00,1702987200000,42976.1,43041.1,41834.87,41854.06,13131.4302,1703008799999,557840315.4355321,521595,6403.67927,272056343.7682414,0
2023-12-19 18:00:00+00:00,1703008800000,41854.07,42528.67,41811.1,42275.99,7188.04113,1703030399999,303651921.3403326,333479,3626.04031,153173485.5024193,1
2023-12-20 00:00:00+00:00,1703030400000,42275.99,42880.08,42206.0,42709.17,6339.15803,1703051999999,269438478.88191,310925,3013.77666,128121382.3244677,1
2023-12-20 06:00:00+00:00,1703052000000,42709.17,43041.0,42634.08,42864.44,7855.47641,1703073599999,336656136.9670414,374980,3818.31744,163653012.8302714,1
2023-12-20 12:00:00+00:00,1703073600000,42864.43,44283.0,42757.32,43996.8,23435.8062,1703095199999,1025033724.3639636,805776,11783.80627,515252035.55130416,1
2023-12-20 18:00:00+00:00,1703095200000,43996.81,44250.0,43230.17,43668.93,11079.85406,1703116799999,484685529.566704,442907,5296.23645,231667575.0700966,0
2023-12-21 00:00:00+00:00,1703116800000,43668.92,43731.08,43286.72,43511.11,6282.56565,1703138399999,273591093.2780477,263480,2899.9173,126287100.4682921,0
2023-12-21 06:00:00+00:00,1703138400000,43511.11,44100.0,43476.35,43931.6,9132.92191,1703159999999,400081879.68068737,370936,4859.90651,212893395.323179,1
2023-12-21 12:00:00+00:00,1703160000000,43931.6,44242.35,43370.4,43449.1,12109.08841,1703181599999,530261940.1681228,541111,5763.35929,252418318.77200568,0
2023-12-21 18:00:00+00:00,1703181600000,43449.11,44119.2,43411.1,43861.8,7099.71787,1703203199999,310595006.06092167,325175,3535.71235,154667566.2057636,1
2023-12-22 00:00:00+00:00,1703203200000,43861.79,44251.0,43722.46,44138.0,6797.77528,1703224799999,299366400.9021981,267338,3586.88401,157966579.3120211,1
2023-12-22 06:00:00+00:00,1703224800000,44138.01,44398.26,43463.0,43753.94,11299.55516,1703246399999,494919575.35436,503417,5286.33098,231619708.52502927,0
2023-12-22 12:00:00+00:00,1703246400000,43753.95,43809.4,43412.54,43686.9,7705.88615,1703267999999,336131559.8382894,352725,3706.11221,161649345.6489445,0
2023-12-22 18:00:00+00:00,1703268000000,43686.89,44048.16,43613.02,43969.04,6979.97979,1703289599999,305656961.4180123,280629,3469.89555,151963577.5533247,1
2023-12-23 00:00:00+00:00,1703289600000,43969.04,43988.68,43291.1,43605.97,5829.19252,1703311199999,254197590.42500272,266685,2719.45804,118573658.3544037,0
2023-12-23 06:00:00+00:00,1703311200000,43605.97,43669.88,43490.01,43547.78,3374.57787,1703332799999,147092176.5619759,167534,1563.88482,68169347.9504899,0
2023-12-23 12:00:00+00:00,1703332800000,43547.78,43856.0,43547.77,43746.88,3844.13852,1703354399999,168113428.5671979,210621,1901.4083,83151092.8270305,1
2023-12-23 18:00:00+00:00,1703354400000,43746.88,43850.0,43632.77,43702.16,3509.22039,1703375999999,153540629.7790411,204818,1580.55448,69152410.0357955,0
2023-12-24 00:00:00+00:00,1703376000000,43702.15,43946.0,43420.01,43490.01,5982.10673,1703397599999,261556062.167148,271334,2769.09379,121082567.3896637,0
2023-12-24 06:00:00+00:00,1703397600000,43490.01,43694.72,43401.0,43634.2,4785.88366,1703419199999,208540563.6280484,248137,2342.60606,102076643.0801831,1
2023-12-24 12:00:00+00:00,1703419200000,43634.19,43864.08,43550.0,43627.63,5019.70087,1703440799999,219363633.3751108,276823,2410.16065,105328842.2103601,0
2023-12-24 18:00:00+00:00,1703440800000,43627.62,43678.0,42500.0,42991.5,9356.6437,1703462399999,404000375.7191155,341384,4319.40564,186473976.4981278,0
2023-12-25 00:00:00+00:00,1703462400000,42991.5,43252.71,42720.43,43238.0,5218.78006,1703483999999,224541660.890654,233344,2689.24472,115712367.7651178,1
2023-12-25 06:00:00+00:00,1703484000000,43238.0,43335.13,43045.43,43171.11,5196.56935,1703505599999,224442926.5040488,233970,2535.7295,109526951.5294802,0
2023-12-25 12:00:00+00:00,1703505600000,43171.11,43802.32,43080.01,43554.21,9751.3402,1703527199999,424905868.4997043,443289,4935.96538,215100254.5936655,1
2023-12-25 18:00:00+00:00,1703527200000,43554.21,43720.96,43328.14,43576.13,6854.55031,1703548799999,298162930.6165744,257825,3530.2997,153561311.9148827,1
2023-12-26 00:00:00+00:00,1703548800000,43576.12,43592.68,42650.0,42764.85,8139.21119,1703570399999,351641474.4522372,317435,3810.29231,164615859.0954991,0
2023-12-26 06:00:00+00:00,1703570400000,42764.85,42837.05,42150.0,42685.55,12973.58996,1703591999999,552903500.0590599,404879,6925.55137,295171148.6097691,0
2023-12-26 12:00:00+00:00,1703592000000,42685.56,42827.68,41637.6,42009.99,12641.16001,1703613599999,535378671.2591731,466037,6237.24949,264294659.0246409,0
2023-12-26 18:00:00+00:00,1703613600000,42010.0,42591.89,41832.42,42508.93,7256.08166,1703635199999,306409966.534475,287465,4123.07317,174185768.5080739,1
2023-12-27 00:00:00+00:00,1703635200000,42508.93,42541.1,42098.69,42454.27,5048.70328,1703656799999,213813384.3506694,229109,2423.25541,102658969.9738197,0
2023-12-27 06:00:00+00:00,1703656800000,42454.28,43220.0,42394.4,43019.11,9570.35675,1703678399999,409763244.6008693,349972,5342.61081,228659701.28594992,1
2023-12-27 12:00:00+00:00,1703678400000,43019.11,43191.1,42706.0,43021.99,11839.75655,1703699999999,508782108.7619894,458477,5963.94584,256288572.93085408,1
2023-12-27 18:00:00+00:00,1703700000000,43022.0,43677.0,42928.75,43428.85,9732.39478,1703721599999,421724252.33874786,402212,5253.02061,227632368.42674032,1
2023-12-28 00:00:00+00:00,1703721600000,43428.86,43787.57,43140.88,43222.01,8873.6407,1703743199999,385748555.1392631,347935,4316.4704,187667355.3047319,0
2023-12-28 06:00:00+00:00,1703743200000,43222.0,43222.01,42794.11,43059.98,7868.75822,1703764799999,338534855.4966839,333620,4024.39649,173132379.6454042,0
2023-12-28 12:00:00+00:00,1703764800000,43059.98,43125.03,42241.79,42539.6,12051.80214,1703786399999,513705649.2209048,464885,6042.97935,257540485.3993262,0
2023-12-28 18:00:00+00:00,1703786400000,42539.61,42745.97,42334.99,42563.76,6356.32379,1703807999999,270419682.52122927,245386,3038.97286,129291682.7059366,1
2023-12-29 00:00:00+00:00,1703808000000,42563.76,42800.0,42088.92,42677.71,8708.57341,1703829599999,370017563.26779795,340441,4366.75758,185533042.65500367,1
2023-12-29 06:00:00+00:00,1703829600000,42677.71,42934.0,42222.0,42862.01,8839.73533,1703851199999,376130637.8136396,332565,4506.46549,191766434.930965,1
2023-12-29 12:00:00+00:00,1703851200000,42862.0,43111.0,41650.0,41806.43,15354.73022,1703872799999,650654564.0796844,550790,7308.39067,309808954.0530315,0
2023-12-29 18:00:00+00:00,1703872800000,41806.42,42240.0,41300.0,42066.95,9694.15016,1703894399999,406283520.0854556,347341,5013.72754,210216293.15789527,1
2023-12-30 00:00:00+00:00,1703894400000,42066.94,42209.22,41820.0,42104.0,4359.60515,1703915999999,183364654.54732153,183428,2288.97887,96278825.017818,1
2023-12-30 06:00:00+00:00,1703916000000,42104.01,42160.0,41520.3,41893.96,5900.94599,1703937599999,246700386.5833215,232532,2820.12891,117912573.9364467,0
2023-12-30 12:00:00+00:00,1703937600000,41893.96,42612.32,41882.71,42489.0,8284.10993,1703959199999,350260210.0561217,331775,4411.90341,186582671.8338716,1
2023-12-30 18:00:00+00:00,1703959200000,42489.0,42515.26,42079.97,42140.28,4361.91711,1703980799999,184550539.79817033,188810,2206.68529,93359817.1190448,0
